ID,TARGET
24,-4.058441034
28,-4.157912268
29,-4.413924973
33,-5.994078993
58,-1.884445059
71,-7.620967696
86,-4.791789277
88,-5.114359978
89,-6.288860316
107,-8.388390194
108,-0.487359428
109,-9.369830897
110,-5.600891341
113,-7.607561157
114,-3.324709448
115,-5.029558864
120,-5.177188652
136,0.12677302
147,-4.810159123
150,-7.301491827
158,-4.74368881
164,-5.429293723
167,-0.751633858
169,-2.932820873
174,-6.746043398
183,-8.026552965
184,-3.409052125
185,-2.249421021
189,-7.252863061
192,-5.29730786
195,-9.716915864
208,-4.310049997
209,-8.189009043
217,-0.164417601
219,-2.006337996
221,-10.380668574
223,-4.53856953
227,-6.372311544
229,-9.133306001
243,-3.451122184
251,-10.268104828
257,-7.87412275
258,-4.084041762
262,-5.316914285
265,-5.325687289
274,-8.276955379
286,-4.618362303
310,-5.202815863
311,-8.702078555
317,0.358427514
323,-0.690525827
327,-3.356512991
330,-7.062870582
334,-7.563885848
343,-8.009768323
346,-1.83167274
350,-6.57293605
352,-3.573827123
357,-6.368460446
373,-7.573377192
384,-5.019524729
388,-7.864565712
391,-6.01189302
399,-4.677962103
406,-5.192815498
412,-5.545736233
413,-2.301850314
441,-7.707254229
445,-3.930880324
460,-4.466987023
467,-2.267535351
470,-9.466429273
474,-3.188898104
478,-5.22919868
480,-6.283769348
482,-8.985022205
491,-6.003334569
494,-6.250000235
495,-7.601901972
503,-1.826124518
504,-1.608501325
507,-6.234093207
512,-1.922063566
514,-7.242162906
516,-1.986993298
517,-8.193923657
523,-4.779638057
524,-7.193466634
533,-6.78832041
549,-7.540312769
559,-5.443775444
566,-7.668968396
570,-7.728174607
582,-7.88095341
586,-9.089637951
590,-3.315941105
593,-4.527120514
612,-7.613267353
615,-2.732314737
633,-8.691761661
642,-4.712450652
644,0.025154246
646,-5.702866431
655,-12.105698691
666,-4.740144915
673,-4.913143682
685,-8.213845536
702,-3.9190385
707,-5.30666371
723,-9.331410832
728,-11.582901558
729,-5.374855915
732,-7.443109426
735,-1.870836004
740,-2.946048958
742,-4.60652662
747,-3.84709612
750,-7.12950048
752,-6.697326676
755,-2.343068838
766,-0.977991001
771,-8.000875116
775,-5.178794647
776,-0.00360715
780,-9.185725581
783,-7.208527594
787,-4.452964365
798,-5.352080201
800,-11.076437002
810,-5.173997636
820,-5.209709765
823,-5.570118303
830,-8.803487625
834,-6.856876957
835,-7.82712259
837,-1.833116091
838,-4.533582658
842,-7.691363312
847,-4.450599716
859,-12.199052136
870,-5.590634565
889,-11.343199493
892,-8.862819285
894,-7.616107232
903,-11.004529673
904,-6.779903326
905,-6.204619074
907,-7.011037031
908,-2.568055116
911,-5.248246931
918,-2.17843462
930,-5.452852765
933,-10.985389952
936,-4.489199831
943,-4.267056321
956,0.920193844
961,-2.552153836
967,-2.393578999
972,-7.372719965
975,-7.261402108
981,-10.776941499
991,-11.107773717
994,-2.017267704
997,-4.451666373
1003,-1.343730511
1008,-8.922559503
1011,-5.336083294
1015,-4.454173502
1016,-1.99857432
1018,-10.283514614
1029,-2.749843433
1032,-3.790583167
1037,-6.923643327
1039,-6.292742462
1045,-3.003961288
1053,-6.258329052
1060,-1.836501036
1064,-10.811116585
1066,-8.282743639
1073,-6.725700282
1075,-5.926309078
1079,-2.904723763
1083,-1.372679402
1086,-6.336790349
1092,-7.666319478
1094,-7.393981409
1098,-8.502334131
1099,-7.12639064
1102,-6.83556248
1110,-8.687810953
1111,-7.21210635
1116,-6.11043274
1119,-6.188278194
1128,-1.9330008
1130,-5.536980285
1137,-3.66634285
1149,-1.103012807
1151,-4.34376903
1159,-3.014197732
1168,-6.37946891
1181,-4.452964365
1189,-4.660792857
1190,-2.888013899
1192,-4.458436099
1196,-4.900831445
1199,-5.346541733
1201,-5.088012462
1208,-5.551982001
1230,-5.423147909
1231,-6.340406451
1244,-2.561588364
1246,-4.907869997
1250,-8.810941727
1260,-5.924378584
1270,-7.122402292
1271,-5.702037468
1277,-7.044531765
1278,-8.592563898
1293,-4.697437139
1299,-4.355408705
1319,-2.668035113
1321,-2.895142608
1329,-4.557248054
1338,-1.894057796
1342,-10.83753995
1347,-7.896575259
1350,-7.04754507
1351,-3.086505539
1352,-7.77304877
1360,-6.710826564
1367,-3.967056126
1370,-5.555091195
1373,-5.475975316
1374,-7.27428494
1375,-6.658008368
1380,-7.761763856
1393,-4.70312765
1411,-4.366432231
1415,-5.563311688
1429,-6.63394202
1451,-3.114330954
1453,-3.518635815
1455,-8.774381069
1475,-2.942788473
1485,-7.740289551
1497,-5.705113808
1502,-8.330552156
1508,-4.641955367
1512,-5.475753816
1517,-4.878026735
1518,-4.276797737
1519,-6.192710354
1520,-1.092589103
1523,-5.292784326
1529,-6.04634382
1530,-4.083526228
1531,-7.476912149
1532,-10.217231324
1538,-7.212542792
1551,-4.634798099
1560,-5.353405784
1563,-4.617882497
1565,-2.170091737
1569,-6.856482097
1570,-7.417936049
1571,-11.237800075
1591,-6.729268708
1595,-11.202572234
1596,-8.199300993
1602,-0.380648098
1604,-8.577132057
1613,-7.254739327
1620,-6.595935676
1623,-3.015156917
1627,-8.775566775
1633,-7.219051872
1641,-9.316793674
1642,-2.827401451
1646,-5.294960833
1648,-7.316460814
1649,-2.02894114
1651,-9.257367184
1652,-2.94867916
1653,-3.703843098
1661,-4.298957107
1665,-2.933368236
1677,-5.214854715
1682,-3.154181079
1684,-6.235877345
1689,-0.285244765
1691,-3.095733311
1695,-6.420699781
1709,-5.235881073
1717,-5.951507932
1725,-14.32110526
1728,-1.472717907
1733,-2.922752975
1735,-7.224210048
1744,-7.029696964
1754,-11.053015854
1756,-6.654126297
1760,-7.759171365
1761,-4.90449725
1777,-4.454587314
1781,-5.348242047
1782,-1.022838952
1784,-4.486281066
1793,-6.993208011
1806,-7.157591289
1809,-6.559185472
1816,-7.349696562
1824,-8.535140317
1829,-3.255524777
1840,-10.522097113
1847,-4.92508667
1848,-6.424004519
1850,-6.96307984
1858,-7.282516388
1877,-9.509039252
1878,-2.985633665
1886,-4.11488962
1888,0.182975575
1893,-1.809488201
1902,-1.93498772
1909,-4.660507889
1910,-4.44269685
1918,-1.929535759
1959,-6.644448237
1961,-8.385035831
1968,-2.639888226
1981,-2.401175775
2003,-0.756041011
2006,-3.15308612
2009,-4.334516994
2016,-7.703857642
2023,-3.152139248
2033,-2.024160744
2039,-6.35613178
2044,-7.160067563
2047,-9.449092671
2056,-4.921570222
2072,-1.96308434
2078,-5.290028664
2080,-1.887468193
2082,-4.316643847
2091,-0.748157401
2092,-6.928466578
2100,-8.034367001
2106,-1.89295615
2108,-2.511843985
2111,-5.710684427
2113,-4.242332144
2117,-7.748143733
2144,-1.871830935
2146,-6.649836206
2150,-8.844519696
2162,-3.141698659
2168,-2.965940037
2170,-5.387126423
2180,-4.353990337
2185,-3.161044061
2188,-3.882078206
2191,-4.422802608
2199,-6.49128126
2201,-7.34594471
2204,-4.362151444
2208,-4.13924023
2219,0.177870028
2222,-8.000148982
2236,-7.112989838
2241,-5.991227715
2258,-4.518693329
2261,-1.853216813
2265,-3.556381505
2272,-6.501752761
2273,-9.876321232
2274,-4.390704116
2282,-5.292533474
2294,-7.219959022
2301,-2.462883619
2313,-3.014197732
2315,-3.354615279
2336,-6.365483934
2347,-4.535406471
2357,-3.353020756
2366,-3.095733311
2368,-6.605761742
2378,-7.252612999
2379,-6.460011144
2381,-5.841481975
2387,-4.50620277
2390,-6.577301137
2393,-5.195114493
2396,-5.21295744
2415,-4.396312875
2416,-7.748143733
2420,-4.868698161
2440,-7.710773324
2455,-6.993665378
2463,-1.964869828
2469,-7.727185293
2474,-5.3335467
2478,-4.476914478
2482,-1.926505433
2487,-3.93616238
2492,-0.04947223
2496,-5.118218593
2509,-5.247957673
2512,-4.21800213
2514,-0.099165134
2515,-3.281195895
2516,-4.646278122
2517,-5.186879573
2525,-7.271928304
2538,-0.026082273
2546,-4.265971526
2560,-5.122776077
2570,-5.954737464
2575,-3.772838438
2577,-3.261011796
2579,-8.848441841
2581,-5.588851277
2592,-4.265971526
2607,-10.399118185
2609,-4.774727481
2614,-8.233482094
2616,-5.394879381
2628,-4.142578224
2630,-4.737237946
2640,-0.28896294
2641,-5.763340572
2657,-6.161836733
2660,-6.393077333
2662,-5.146846692
2664,-3.204910023
2665,-4.739814695
2666,0.984980725
2670,-4.276750648
2672,-5.168548871
2677,-5.976844212
2678,-9.138380868
2680,-4.206716143
2690,-7.382107218
2696,-10.794217113
2701,-10.49022092
2715,-7.120875853
2719,-5.296378829
2724,-8.050215535
2728,-7.192375366
2740,-6.486962542
2745,-5.055568861
2758,-5.121930658
2778,-8.721441676
2784,-2.61034005
2790,-5.256554398
2794,-5.523737105
2801,-3.116270402
2802,-7.19510696
2807,-7.281796951
2815,-5.224834258
2816,-4.124816777
2826,1.021527621
2855,-4.170057221
2859,-1.922549953
2867,-7.23024796
2872,-4.220799913
2877,2.532628386
2885,-5.751477708
2888,-5.93640778
2899,-6.372778296
2906,-7.783042155
2915,-7.220619153
2919,-1.7926953
2923,-10.114764297
2927,-5.608594522
2933,-5.705532415
2942,-7.610042552
2949,-4.876036016
2957,-7.314868918
2960,-10.732428342
2962,-8.45511701
2966,-5.923429998
2970,-7.593396282
2973,-7.277737851
2974,-7.907437887
2977,-2.076708387
2985,-5.913873241
2996,-8.675637004
3005,-5.22441043
3007,-8.777738464
3008,-1.861740259
3034,-6.40715596
3038,-1.907999159
3040,-1.929127181
3042,-6.937867344
3071,-7.184269466
3075,-0.64273154
3094,-6.872230043
3096,-4.385786864
3098,-1.873151968
3099,-7.289136233
3111,-7.36110143
3126,-4.478802401
3130,-12.105698691
3141,-6.713361533
3144,-7.670891655
3146,-6.622217144
3147,-7.179611216
3149,-4.331356506
3154,-3.438972331
3166,-10.772819405
3167,-3.140014483
3175,-3.267863934
3184,-3.641650293
3200,-5.370166576
3204,-6.170402037
3205,-3.983446858
3207,-4.976031609
3210,-6.385317748
3223,-2.920814615
3231,-1.88419636
3233,-8.9104298
3234,-6.837207825
3267,-4.436173184
3268,-0.138782727
3273,-7.526971535
3274,-8.827954331
3277,-1.971976598
3280,-5.761972544
3284,-5.78135701
3285,-5.395531175
3290,-4.193361421
3294,-6.43681826
3338,-4.29690727
3339,-7.772222668
3343,-1.929127181
3348,-8.568085255
3368,-3.409513873
3369,-2.516741967
3371,-7.497177473
3374,-3.66634285
3381,-5.190602428
3390,-2.913631206
3394,-0.057797084
3395,-5.449628427
3400,-2.979853891
3402,-3.286539597
3404,-1.86762625
3407,-7.190785261
3427,-5.303408864
3434,-7.986960423
3442,-6.194496863
3445,-8.644978968
3450,-5.846166109
3454,-2.373165026
3459,-7.439601244
3464,-3.954142699
3468,-7.563885848
3470,-2.950634683
3479,-5.820022581
3490,-8.249466166
3498,0.431871293
3501,-8.260785076
3508,-2.913631206
3517,-3.835133427
3526,-7.576109391
3534,-7.079183853
3541,-7.843583941
3546,-4.572365023
3548,-5.024178163
3552,-5.756199068
3560,-6.119343719
3572,-6.29488937
3574,-6.996415546
3579,-7.746896115
3593,-4.109947865
3597,-3.265559631
3598,-6.488935478
3599,-6.116575163
3623,-5.292332812
3625,-4.243490722
3631,-6.760075431
3647,-7.425999524
3649,-6.576890614
3663,-4.017179952
3664,-6.979701555
3670,-7.872490885
3674,-4.888030228
3684,-5.178889732
3693,-7.150102141
3695,-8.792850401
3698,-5.028910024
3699,-5.395647772
3701,-8.204135256
3703,0.794586371
3706,-1.88121965
3707,-4.709391784
3716,-5.19769557
3718,-8.612059746
3720,-2.006665467
3724,-4.29835317
3733,-2.141983813
3734,-6.820919832
3738,-4.837406128
3747,-8.444864698
3758,-5.888912316
3760,-3.350166501
3764,-5.059919669
3777,-2.971171178
3779,-5.307255049
3780,-7.600077071
3790,-7.8790724
3793,-7.78293345
3794,-2.974053058
3805,-5.344828996
3813,-5.699217416
3815,-5.626593774
3819,-2.979036145
3823,-5.553774396
3827,-9.564545198
3850,-10.568304391
3858,-3.052897932
3872,-5.252118091
3891,-5.665913343
3892,-5.458391284
3897,-1.935991361
3902,-7.577730404
3932,-3.183667099
3933,-7.346131094
3934,-6.430598064
3938,-1.860310603
3941,-1.15705579
3943,-7.798124033
3944,-3.50910888
3950,-1.826124518
3963,-6.257148046
3973,-6.022741711
3978,-7.467385282
3979,-4.773987106
3985,-10.467830793
3988,-2.377953707
3996,-5.214328543
3997,-2.402526294
4015,-7.365549945
4037,-7.978985063
4057,-6.156590729
4059,-2.276565248
4060,-7.03962461
4066,-7.416737385
4067,-7.998603962
4068,-8.712507227
4070,-0.167371377
4089,-5.076013553
4093,-7.597629044
4099,-6.459354528
4103,-2.868359201
4106,-8.678319064
4117,-6.404079426
4122,-9.617989913
4136,-6.307616235
4141,-2.947285197
4158,-7.421999132
4164,-4.232328234
4171,-7.693198984
4178,-7.022758492
4191,-10.859978679
4204,-5.173609195
4211,-3.230351773
4221,-5.745694955
4244,-9.339931353
4256,-6.032446754
4260,-5.045116926
4280,-9.932121393
4287,-8.439334659
4288,-8.910971785
4303,-4.563708337
4307,-5.530093705
4312,-9.169993873
4315,-4.552904584
4317,-7.636038505
4332,-2.415941827
4346,-4.45860665
4350,-3.444686319
4362,-7.536374391
4373,-7.757295335
4381,-7.059496314
4388,-5.184862689
4391,-3.246854571
4394,-5.776871039
4397,-5.089744344
4402,-4.377609919
4408,-9.417234693
4410,-7.287116545
4417,-2.352937161
4419,-6.980300459
4426,-6.884779745
4438,-11.496674339
4444,-3.118546433
4448,-4.314681915
4457,-9.296095809
4465,-7.250163046
4472,-5.799686269
4482,0.480390576
4484,-9.921134831
4491,-6.83488615
4499,-7.783168885
4509,-4.464758816
4511,-1.849969597
4517,-7.298215544
4521,-4.632676708
4525,-5.501498515
4526,-7.028101422
4528,-4.860907753
4533,-1.867947192
4537,-2.950634683
4539,-7.047607995
4542,-11.370519679
4558,-7.361566377
4559,-10.689033085
4561,-5.84348017
4562,-4.021782301
4573,-4.889757818
4591,-8.061922308
4595,-7.788853623
4610,-2.709930711
4617,-4.064814506
4625,-5.235020101
4630,-8.693608793
4632,-5.249769269
4639,-7.379398682
4640,-4.404487892
4644,-1.894733145
4645,-6.327568082
4653,-5.210744698
4660,-9.717263424
4661,-7.216933406
4667,-2.558322743
4681,-10.791559389
4682,-5.091594918
4685,-6.178336594
4690,-6.557302667
4701,-5.06383387
4712,-7.17251809
4717,-5.358741741
4723,-5.397291452
4724,-2.037850718
4731,-3.722276361
4733,-6.898754436
4737,-3.567675282
4738,-2.873345105
4743,-8.8967253
4754,-3.057060404
4758,-5.639541752
4764,-4.482717766
4765,-5.226242552
4782,-4.142700969
4784,-5.02349787
4793,-5.494068028
4794,-4.321409997
4801,-6.68114024
4802,-12.203054887
4805,-5.267072167
4820,-4.235872462
4850,-5.886651458
4855,-5.096961226
4864,-8.784399928
4865,-4.78386839
4868,-6.188213578
4871,-4.503995824
4888,-1.88412191
4889,-4.273544566
4898,-7.103629121
4901,-4.029386262
4904,-5.426271816
4910,-1.933484254
4915,-2.962703277
4921,-5.618467209
4926,-6.170805313
4927,-4.448448062
4939,-7.740839923
4943,-7.874574946
4954,-5.737982723
4964,-2.459022334
4965,-3.147901748
4971,-8.620732424
4973,-8.064326822
4977,-5.792775784
4980,-8.018154009
4982,-3.190388307
4984,-7.932053061
4985,-2.948994268
4989,-0.941711695
4995,-3.586576103
4997,-5.208180439
4998,-1.249071069
5003,-4.471957961
5007,-6.349180814
5008,-6.68433047
5019,-8.493827977
5023,-3.788757828
5026,-4.935126176
5033,-7.607561157
5035,-10.017529732
5042,-8.034008265
5045,-1.109147513
5050,-2.106004288
5059,-7.099472232
5068,-3.648785836
5073,-6.803718612
5082,-2.950634683
5100,-10.015544581
5103,-5.759465842
5108,-10.847326677
5111,-3.123051727
5123,-7.295553386
5124,-6.218112565
5128,-6.057115066
5129,-8.798340763
5134,-5.232885398
5136,-6.044571038
5140,-4.034824202
5146,-3.939323101
5148,-8.002877686
5159,-3.197328531
5161,-5.447225588
5171,-2.436468297
5183,-3.720964812
5188,-8.895025157
5197,-5.249713821
5207,-7.903716982
5209,-8.839629145
5210,-5.260936953
5241,-3.841901118
5245,-7.589035555
5248,-3.645130088
5260,-5.743697752
5269,-2.328166656
5270,-8.677664862
5273,-3.767542885
5281,-9.79008176
5286,-4.793827038
5309,-5.144326369
5315,-4.686169577
5319,-6.519652167
5325,-9.397020581
5338,-0.534900305
5340,-10.079911912
5347,-7.416927611
5352,-5.247962623
5359,-4.681671775
5369,-4.939554918
5381,-5.028910024
5392,-4.158019276
5394,-6.272034915
5395,-10.6378138
5412,0.480390576
5413,-2.948586948
5414,-2.891690658
5421,-10.331289771
5426,-5.340272794
5429,-5.709508797
5435,-3.543142534
5436,-8.613725643
5439,-8.779386973
5443,-3.871218637
5457,-6.851618938
5458,-4.446283526
5464,-6.285384593
5465,-6.861405147
5474,-9.324635022
5482,-7.191015666
5485,-5.231356107
5501,-5.007473726
5506,-8.263562429
5514,-10.148061123
5525,-5.759743569
5541,-9.380625475
5542,-3.193830285
5551,-1.170497124
5556,-4.403646093
5558,-7.336296199
5571,-7.114031245
5573,-2.287167445
5579,-1.946526125
5589,-8.247965644
5592,-5.212097099
5602,-10.385738319
5603,-2.367935539
5606,-7.424568736
5608,-7.680982303
5609,-0.672692756
5610,-6.683417905
5611,-7.494053986
5616,-5.248124797
5620,-2.774543832
5624,-2.729600594
5639,-4.253206244
5654,-5.576350329
5658,-8.505591313
5659,-2.333299281
5664,-1.854150739
5665,-6.969608036
5668,-7.442087081
5694,-6.650163714
5698,-7.470971725
5702,-4.63546262
5715,-7.315456705
5717,-7.267973326
5729,-7.486040602
5742,-4.952955676
5744,-1.955579239
5773,-5.949853171
5778,-5.077601158
5780,-4.417250699
5795,-4.462471048
5803,-7.448357301
5804,-6.852625119
5814,-8.040006436
5822,-7.695646863
5831,-5.29322566
5835,-0.227354199
5841,-10.445828722
5853,-7.908677315
5864,-9.59540051
5871,-5.883217074
5873,-8.133130684
5877,-7.780189401
5879,-4.549749443
5889,-7.553227866
5910,-4.03249619
5920,-9.690822444
5934,-8.812560523
5957,-8.073982049
5965,-4.484994102
5975,-2.947889174
5981,-9.032690721
5995,-2.274508719
6000,-2.770695863
6006,-2.162964696
6007,-3.737899485
6016,-2.939992807
6020,0.335590038
6026,-5.141769621
6045,-10.726120255
6053,-8.174594981
6069,-9.252779465
6076,-5.460780506
6092,-5.336070914
6097,-3.404740434
6101,-3.18057933
6113,-6.275468836
6117,-1.915745682
6119,-5.68891509
6121,-4.116042941
6123,-2.249421021
6129,-6.072934279
6131,-1.886641746
6144,-7.361840194
6146,-8.769550726
6153,-6.088607956
6157,-5.731387729
6170,-4.853585046
6181,-8.686071128
6187,-8.405133158
6206,-7.081366904
6214,-4.956776247
6238,-7.167622472
6243,-6.292581225
6247,-10.623132073
6253,-1.304717028
6258,-8.304435409
6264,-6.28152369
6267,-7.364259233
6275,-5.156927332
6280,-3.382568936
6282,-5.248009076
6287,-10.372500777
6288,-7.038060185
6295,-7.560112567
6315,-3.979605778
6319,-4.727063122
6324,-0.43322784
6328,-5.295626421
6332,-5.858283034
6334,-6.841931737
6335,-7.848653129
6338,-6.29160029
6344,-3.869517636
6347,-2.897227157
6350,0.235085132
6353,-6.577208128
6355,-1.826124518
6356,-4.318601242
6357,-6.042652873
6362,-5.083615093
6364,-3.623412378
6369,-5.372005441
6373,-10.48776542
6378,-2.790911186
6382,-6.350613066
6391,-6.966507691
6398,-3.815428886
6403,-0.387636931
6405,-10.726463525
6420,-3.582564302
6421,-6.279405399
6449,-6.999915798
6452,-7.154774952
6453,-9.950415896
6481,-6.060958272
6494,-4.251025971
6498,-4.453135423
6507,-7.445461757
6514,-7.782087108
6515,-1.87506276
6517,-6.444552006
6521,-7.747741583
6526,-4.231412019
6534,-1.984506746
6538,-8.3295414
6540,-2.944516256
6541,-10.425610147
6544,-7.848947048
6545,-1.856357806
6546,-2.815066368
6549,0.20562898
6556,-5.578157799
6563,-7.94722325
6572,-1.914160792
6574,-3.998301038
6577,-4.635432931
6583,-4.685107912
6585,-4.777747376
6589,-6.648464997
6600,-4.476974213
6602,-7.599608302
6606,-7.746997264
6620,-7.401213792
6621,-3.805002409
6622,-6.926710616
6624,-4.009950805
6630,-2.948167689
6647,-7.41552262
6649,-4.090858104
6651,-5.543579103
6653,0.421853142
6655,-7.589564749
6667,-3.803950323
6676,-7.963996417
6686,-1.561980379
6698,-3.164945478
6702,-7.346593063
6703,-4.462471048
6711,-6.933119346
6714,-2.973641356
6718,-4.259445238
6722,-7.272793227
6725,-4.881164496
6727,-5.776488166
6728,-1.862177055
6745,-5.702037468
6747,1.524512478
6752,-8.140225628
6758,-5.880840984
6767,-2.887538951
6774,-5.284617131
6776,-8.177118355
6781,-6.204809004
6785,-4.386521571
6794,-6.820919832
6798,-7.826026187
6813,-3.714643961
6816,-8.034359396
6831,-6.162878139
6838,-7.197676917
6840,-3.161044061
6842,-2.735301356
6846,-5.601946426
6849,4.308895018
6868,-4.472655559
6869,-4.593233061
6878,-1.448312149
6884,-0.372604851
6886,-10.925022857
6889,-5.128674522
6902,-3.193372889
6905,-3.753665887
6913,-10.207049179
6914,-2.886868695
6915,-3.206408919
6919,-7.095093973
6927,-1.069944178
6928,-7.887880186
6929,-7.341441568
6932,-3.705053175
6937,-4.127669721
6953,-9.181124434
6963,-3.73923906
6966,-5.492522109
6968,-4.367700759
6977,-1.900232171
6980,-5.643861119
6982,-7.450928263
6983,-2.804350189
6984,-7.927779617
6992,-4.999289155
6996,-5.357380166
6998,-8.760140214
7002,-3.93995518
7006,-4.896209803
7009,-4.477376708
7010,-6.479688041
7022,-5.902538444
7024,-6.418808478
7033,-9.015347857
7034,-1.018017648
7035,-7.647917969
7040,-8.354868897
7042,-5.349106944
7045,-8.101716342
7046,-1.878132658
7051,-7.047902278
7053,-5.843057437
7062,-7.454576449
7068,-6.278426908
7083,-5.446275122
7098,-4.116551317
7102,-7.606006319
7116,-5.916640251
7119,-4.146622675
7121,-1.838521318
7131,-5.246303709
7134,-1.850018417
7135,-6.094374259
7138,-8.849611545
7141,-0.667537816
7173,-7.478322806
7181,-4.400664644
7197,-6.463406543
7200,-8.086922852
7213,-9.231525929
7214,-10.115473064
7230,-8.022974292
7231,-10.284541692
7236,-6.308873174
7238,-8.770416382
7245,-1.814918846
7246,-8.218955457
7248,-0.369117129
7265,-4.031358911
7272,-5.764270565
7274,-2.806159007
7279,-11.02353626
7287,-5.403749173
7289,-6.067564543
7290,-4.195091633
7291,-0.43299845
7300,-8.808536641
7302,-8.632076284
7303,-4.461475839
7313,-4.327714107
7314,-3.258541482
7328,-3.962080046
7329,-5.028656371
7335,-6.296124837
7349,-6.60841163
7363,-2.058125983
7365,-3.161340044
7366,-5.261797481
7370,-5.085733958
7380,-10.478328577
7391,-5.776357372
7392,-5.792775784
7419,-9.268934708
7425,-2.648493102
7431,-0.600665491
7440,-10.320523423
7443,-5.053601573
7445,-4.593526107
7449,-6.427340265
7460,-7.43952553
7478,-4.56057484
7484,-7.633836219
7490,-5.223822939
7491,-6.606305764
7496,-3.803708351
7499,-2.770660455
7500,-10.738176267
7505,-2.448903934
7506,-1.925838856
7512,-8.71310142
7532,-7.440222051
7536,-6.630706675
7538,-1.84515965
7539,-3.409052125
7541,-5.418487557
7543,-1.896704947
7547,-4.726496419
7549,-2.737949777
7558,-8.355349718
7571,-3.896599883
7572,-5.282571457
7577,-7.573220504
7595,-7.849254509
7606,-3.086597752
7612,-5.768105198
7613,-5.317609217
7627,-7.741623891
7634,-3.168384701
7644,-4.398777443
7657,-7.956136345
7661,-5.640329229
7670,-8.144773828
7673,-7.897334457
7674,-8.875088166
7676,-2.85749148
7679,-1.817307977
7693,-6.059541203
7694,-5.725929391
7704,-7.881784219
7705,-7.630448216
7711,-7.271928304
7714,-2.323305317
7724,-7.086667268
7740,-9.768617584
7745,-7.620967696
7747,-4.191466932
7752,-5.296308654
7754,-6.297267336
7756,-8.563056871
7757,-2.939044699
7760,-3.426678983
7773,-3.139940963
7793,-7.320004881
7795,-5.388941137
7800,-5.516672531
7802,-5.276049831
7816,1.512129291
7821,-3.79456799
7822,-4.579099429
7829,-6.785973622
7836,-7.795036466
7842,-10.91413479
7848,-5.29879803
7878,-0.501658274
7880,-2.911562933
7881,-6.196599939
7883,-10.321938528
7891,-7.282988966
7897,-5.426568264
7902,-6.148534797
7903,-4.519926976
7906,-3.847494064
7907,-7.328497545
7910,-7.265387721
7922,-7.339784176
7924,-4.675034147
7927,-5.164987885
7929,-4.671412644
7933,-7.27428494
7936,-6.210602697
7937,-0.919526974
7938,-4.435857338
7943,-7.764808357
7944,-7.798872801
7960,-11.03021891
7961,-4.860907753
7967,-5.597826443
7975,-4.535865244
7984,-7.191083928
7985,-7.542180185
7992,-2.900707649
8003,-4.840774989
8024,-1.220260017
8035,-1.124888948
8043,-5.838386084
8047,-5.286477951
8048,-7.631422799
8054,-6.793611893
8061,-6.711154982
8065,-8.526244643
8067,-0.114978551
8071,-5.708090335
8073,-8.893617902
8075,-2.218103582
8079,-5.212097099
8083,-3.192182672
8102,-6.708218076
8108,-4.65081662
8118,-6.427340265
8126,-5.257019692
8127,-3.743296555
8129,-8.928852323
8133,0.380301637
8138,-8.56195554
8140,0.47264695
8146,-10.717655769
8147,-0.853608959
8148,-5.357213637
8152,-3.940061819
8158,-5.66124966
8169,-4.771961845
8176,-7.844302313
8179,-6.781916622
8183,-6.21504231
8185,0.432911494
8186,-6.219657217
8187,-6.257292383
8188,-1.137168073
8194,-5.200529137
8195,-6.930643134
8196,-5.25496707
8199,-4.242332144
8207,-5.143572724
8209,-4.687489604
8212,-6.186011845
8215,-6.167340579
8217,-8.172848852
8224,-7.929772684
8246,-5.575357646
8247,-6.926843323
8267,-8.176407887
8268,-8.07833721
8284,-4.621269013
8293,4.308895018
8304,-3.431477732
8330,-3.238689874
8333,-11.042571614
8342,-6.514203774
8368,-9.291974203
8369,-7.051333571
8371,-2.952925849
8388,-4.438249584
8391,-5.164980301
8400,-5.925654455
8404,-9.474786158
8410,-9.730379979
8411,-2.938887689
8423,-2.831684406
8432,-4.720707255
8445,-5.108432494
8461,-8.637860419
8469,-5.48818308
8472,-4.449895078
8504,-5.466944891
8506,-3.970612078
8508,-9.534018917
8509,-6.611442051
8520,-7.072380307
8529,-5.61892316
8532,-6.238469509
8550,-5.003665577
8559,-3.658796504
8563,-2.836992929
8582,-4.502155105
8584,-10.759141871
8585,-3.568926223
8590,-8.328683524
8594,-4.261014757
8597,-10.321942514
8611,-5.850927992
8612,-6.685751748
8619,-4.368381344
8623,-3.100660512
8636,-4.606162234
8647,-5.211119359
8649,-10.204971827
8664,-3.97448086
8671,-8.856471824
8675,-8.932849699
8687,-4.28382304
8696,-7.77006057
8698,-3.772240841
8701,-5.232067256
8710,-7.773675681
8719,-6.896877087
8729,-8.153527824
8734,-8.265162102
8737,-6.20158093
8753,-5.247957673
8759,-3.899214456
8800,-5.019373886
8801,-6.816437715
8806,-5.203663411
8816,-1.973641629
8820,-9.689865581
8825,-2.484459062
8828,-5.644900509
8831,-2.706611739
8838,-1.844981566
8840,-4.276594012
8841,-2.891130575
8853,-5.370297407
8860,-5.298994565
8863,-6.644399293
8865,-8.449586117
8866,-2.973843355
8868,-3.517834926
8870,-10.152284109
8875,-5.348567088
8884,-5.208534358
8888,-9.113939383
8891,-1.913773181
8898,-5.264355501
8922,-5.61456516
8937,-10.675173892
8938,-2.417427777
8943,-5.291855661
8952,-6.811828436
8958,-5.470129253
8961,-5.587585578
8966,-6.239757326
8969,-2.701392179
8970,-6.641098572
8975,-5.733428832
8976,-7.286986968
8982,-9.103726643
8995,-5.337512956
8996,-5.731977805
9006,-6.059755885
9017,-5.16562439
9022,-1.850245362
9031,-9.945897574
9037,-9.633032827
9044,-6.787185839
9047,-4.102165196
9060,-5.783554314
9063,-3.463499362
9064,-7.426276767
9073,-0.343698027
9082,-8.272730289
9095,-1.967659755
9096,-5.966703079
9101,-5.584750004
9108,-4.616268077
9109,-1.992221183
9113,-4.318633246
9115,-8.716426118
9118,-1.044071204
9120,-3.603184309
9122,-8.094368292
9125,-8.872328257
9129,-3.172851296
9132,-7.086607194
9136,-4.890224833
9143,-5.719597321
9144,-10.587756784
9152,-4.716519897
9160,-4.184840259
9165,-9.056606229
9166,-8.959727963
9168,-5.304211059
9177,-6.018894954
9184,-5.880830246
9186,-6.998097177
9188,-9.746216423
9194,-6.592163429
9201,-8.962696389
9206,-2.944635571
9214,-5.487928353
9223,-11.083424131
9244,-7.175263082
9260,-3.091524953
9261,-5.352188861
9266,-5.194745712
9275,-5.672625535
9277,-6.514803573
9282,-8.181467742
9285,-1.841058032
9286,-4.268128828
9288,-1.877535826
9300,-2.952925849
9304,-1.882742062
9306,-7.300687321
9319,-10.49355107
9326,-6.090596822
9337,-10.228087242
9342,-7.326217268
9348,-2.960025904
9349,-4.811788615
9353,-6.050448251
9357,-5.625807012
9364,-5.306313758
9365,0.178215107
9374,-4.280474713
9380,-5.718071826
9391,-7.131556379
9406,-3.163053181
9411,-5.763340572
9412,-4.206716143
9414,-8.050215535
9416,-2.689364405
9421,-4.534058605
9427,-6.266103291
9429,-1.915538087
9451,-7.630426671
9458,-0.21158307
9464,-1.834304149
9466,-7.648656442
9468,-1.798321208
9470,-7.827728899
9471,-5.636736136
9494,-5.612653274
9523,-5.478307184
9530,-6.249000814
9540,-11.522921892
9548,-10.994742542
9561,-3.490205267
9571,-8.638529841
9584,-6.884601788
9588,-3.143456568
9595,-7.695223262
9596,-7.673034862
9605,-6.326805154
9609,-6.200841659
9612,-1.105312819
9615,-4.052806481
9636,-6.776788601
9640,-6.261545476
9651,-6.121244354
9674,4.265319622
9687,0.227206857
9694,-4.364526498
9697,-3.871226409
9698,-9.323377488
9705,-8.08510622
9712,-6.427145138
9721,-3.19117157
9726,-4.209851157
9736,-11.869815807
9740,-4.292966039
9744,-9.689590292
9748,-5.84390125
9753,-7.818172676
9757,-5.008787363
9758,-2.146662381
9762,-4.57119259
9763,-4.331101264
9767,-4.820868326
9778,-4.874402335
9782,-1.813192074
9793,0.242289389
9812,-6.897622507
9821,-4.412326357
9822,-3.509166325
9826,-4.425223482
9844,-6.823586017
9860,-5.446990422
9869,-5.045069714
9870,-4.417044767
9872,-5.831789896
9877,-7.061471685
9881,-2.926353377
9888,-2.747876088
9890,-6.352308292
9892,-8.99907063
9897,-8.41206299
9900,-1.685990815
9905,-8.174342097
9912,-4.502137418
9922,-0.6998023
9930,-5.056377229
9942,-8.030649606
9945,-6.532047656
9948,-9.718635105
9949,-8.99907063
9956,-2.015536103
9959,-6.375333847
9961,-5.841481975
9969,-9.993627307
9972,-7.114031245
9978,-5.266342865
9981,-4.401244957
9983,-4.567748274
10011,-4.962720069
10017,-7.679100255
10019,-7.186484728
10028,-5.743796249
10029,-2.765979652
10030,-0.728352771
10035,-5.835741732
10046,-3.006663639
10047,-4.85205792
10049,-7.796736144
10053,-4.891301861
10058,-3.095733311
10061,-7.62364368
10068,-5.100676177
10079,-7.505056767
10082,-6.379278546
10092,-8.876528096
10099,-7.892943963
10102,-5.186953498
10105,-10.492491566
10112,-3.266183945
10120,-0.302975169
10126,-4.725846527
10143,-2.412841448
10150,-3.680902396
10156,-5.453151743
10157,-5.846166109
10171,-10.583125464
10176,-6.730732987
10179,-12.50814511
10184,-3.984575581
10188,-4.669710249
10190,-6.260100959
10195,-7.151802349
10196,-4.809780657
10200,-4.529900725
10207,-6.473680188
10213,-1.844425184
10220,-7.61247502
10226,-9.110388461
10228,-5.905104186
10234,-5.591946179
10239,-3.160819314
10242,-2.282091245
10245,-4.379098505
10247,-4.267431905
10255,-0.9760849
10263,-2.525506884
10266,-8.713319371
10279,-6.722790494
10286,-1.941793865
10287,-9.789840336
10292,-9.487331749
10293,-6.718650531
10294,-6.712891432
10306,-5.441676802
10316,-4.960730699
10334,-9.118513759
10339,-5.347136045
10349,-0.474279621
10358,-5.048264262
10365,-7.295553386
10367,-8.056522546
10377,-5.937716574
10383,-1.839432058
10385,-5.890386679
10386,-1.818535251
10387,-8.138250147
10399,-9.090139278
10401,-4.481554074
10413,-3.000609758
10417,-8.0604376
10420,-4.972962801
10422,-6.15646204
10429,-1.863761945
10434,-3.694844547
10445,-8.711686924
10446,-9.797513917
10454,-7.48640334
10466,-7.467550865
10477,-6.155154422
10479,-7.312882679
10482,-3.099124384
10489,-6.887876951
10513,-11.666434007
10526,-7.735816551
10535,-6.111540361
10538,-7.29282179
10540,-0.079106407
10549,-1.947486555
10550,-3.317585149
10554,-5.386981532
10556,-4.451401143
10561,-4.033506615
10567,-2.956112189
10569,-3.793524954
10578,-6.141466713
10581,-3.913911134
10586,-6.974662995
10587,-7.710842267
10590,-0.345239659
10600,-6.3815384
10608,-7.435373425
10611,-5.288017064
10613,-6.480195046
10615,-7.792982119
10634,-2.142635286
10636,-4.074376098
10644,-1.880501094
10652,-9.521657577
10653,-5.738336747
10663,-6.798702548
10674,-5.186536863
10679,-2.361183101
10680,-6.139313662
10682,0.612318975
10687,-5.218211496
10696,-7.782460046
10699,-7.45937387
10703,-5.261125196
10704,-8.805766018
10712,-7.304197392
10715,-1.858159827
10719,-7.844246662
10722,-5.995891309
10732,-5.246843574
10738,-3.167834772
10745,-5.702326732
10754,-4.696172361
10755,-1.737312734
10759,-8.596054518
10770,-5.138956226
10771,-6.794095549
10774,-3.939292073
10777,-0.179654252
10792,-3.851379351
10801,-4.24817564
10814,-5.932550513
10819,-4.466987023
10822,-7.967173863
10823,-7.484004937
10829,-7.161980358
10832,-6.690131454
10839,-4.516351221
10871,-6.451430563
10876,-5.523467332
10877,-2.482957888
10904,-7.923416236
10918,-4.708331883
10930,-6.991946643
10931,-7.250431317
10932,-10.733514166
10954,-4.468914498
10956,-6.484906087
10959,-1.841691186
10966,-0.856939804
10977,-3.972635134
10981,-7.232329161
10982,0.964930326
10983,-10.018756596
10989,-2.940036301
10991,-4.10936907
10996,-3.995609586
11004,-3.191590445
11017,-9.695565454
11027,-9.166319575
11034,-9.035853011
11040,-0.624785882
11041,-0.500816324
11043,-2.940291603
11050,-5.756457377
11051,-4.480159119
11065,-6.613481769
11069,-6.385916922
11079,-10.624766294
11090,-8.592374799
11101,-3.768956616
11102,-5.938233718
11104,-7.669347886
11110,-5.043208203
11112,-6.749374017
11115,-6.706772756
11118,-5.414899012
11122,-9.423980319
11124,-12.835620501
11125,-12.052212557
11132,-8.066780517
11142,-4.457613349
11147,-7.403778187
11151,-5.309965315
11178,-1.870342777
11182,-2.92245218
11183,-5.292106143
11187,-8.024260608
11188,-5.493144152
11189,-6.882782364
11195,-7.204272814
11199,-4.991057007
11205,-9.229148543
11207,-7.593396282
11231,-2.639888226
11235,-4.402145897
11240,-6.424281739
11246,-4.618612988
11248,-7.717397917
11251,-8.347248734
11254,-1.84425797
11256,-5.389818734
11257,-6.685751748
11264,-7.24347965
11267,-4.421121781
11275,-8.134693298
11276,-7.308341173
11286,-5.582780221
11310,-4.474252754
11325,-3.293046473
11327,-6.527158792
11330,-4.520310272
11341,-5.612653274
11349,-3.217324103
11357,-3.903075711
11360,-7.274392974
11383,-1.881953013
11384,-2.950634683
11390,-6.476920002
11399,-2.786796542
11403,-6.31803175
11405,-1.874657017
11427,-7.174167927
11429,-4.637250559
11430,0.500892281
11431,-7.66233054
11436,-6.014103856
11444,-7.754815986
11446,-5.311118709
11452,-6.685879982
11454,-5.183185335
11471,-1.960639556
11476,-4.272083058
11488,-10.595716589
11490,-7.545262457
11493,-5.767315248
11509,-5.300229656
11512,-3.717563281
11514,-5.246843574
11524,-3.869302701
11535,-7.019739904
11541,-1.896227588
11542,-10.751045848
11548,-4.474381561
11553,-5.841481975
11568,-11.129212554
11576,-3.440169444
11581,-4.52719257
11586,-4.452770828
11594,-3.504217357
11595,-5.28021209
11611,-11.245513329
11616,-4.607240137
11618,-5.144955136
11619,-4.404784436
11624,-5.83754227
11627,-6.015400073
11629,-2.934748973
11632,-4.881866066
11644,-4.924331059
11650,-2.972577037
11658,-5.748026176
11660,-3.053627356
11667,-0.269633853
11688,-4.920480821
11692,-5.792479694
11706,-4.58083429
11711,-3.685271613
11713,-1.845529211
11714,-5.90292949
11722,-7.78345627
11725,-9.989204714
11729,-4.639423578
11733,-2.536791192
11740,-8.298833476
11743,-6.736200441
11744,-9.298619313
11745,-7.79608986
11746,0.873702275
11751,-4.223977514
11762,-2.932820873
11765,-6.026980162
11766,-3.517335453
11767,-3.813865155
11771,-7.180803771
11784,-6.645293496
11786,-5.666262598
11796,-4.444519689
11806,-4.962081947
11810,-7.358460589
11812,-7.296235332
11815,-6.944425718
11839,-9.199475946
11846,-3.620275184
11857,-6.696706425
11860,-1.505647064
11862,-4.091641714
11866,-8.651460942
11875,-3.73245316
11877,-7.866675771
11881,-5.201953157
11902,-3.558287669
11903,-4.513774918
11909,0.614311496
11910,-10.661655704
11922,-7.730253839
11930,-5.279790702
11931,-3.286890202
11936,-4.231754649
11941,-6.644596911
11946,-5.461127631
11954,-6.077761351
11956,-7.144907534
11959,-4.790481244
11969,-9.851776431
11970,-1.43946977
11985,-4.441519779
11999,-9.185725581
12022,-2.95007987
12023,-3.733764941
12024,-3.905807692
12029,-3.07654076
12031,-0.943170859
12034,-5.683857756
12038,-4.46412866
12044,-2.382306726
12046,-7.364138445
12052,-5.452285399
12055,-5.308920125
12057,-6.244260932
12058,-1.546640335
12061,-4.129521894
12063,-6.210602697
12066,-7.9324149
12068,-9.792164222
12074,-5.798879734
12075,-5.907351446
12088,-0.334014503
12091,-5.156276761
12097,-4.561371153
12108,-2.923478538
12113,-2.341749883
12116,-4.44520464
12117,-3.771349571
12119,-6.107081575
12132,-7.274392974
12134,-4.885829109
12136,-5.170657151
12139,-5.22982954
12148,-3.574328878
12151,-4.486060665
12158,-2.230809492
12168,-5.508234285
12185,-7.20020562
12187,-7.65862279
12192,-6.82102742
12204,-3.79900229
12208,-2.951994452
12221,-6.66427458
12227,-5.256223218
12229,-4.550679474
12242,-5.547657869
12245,-6.959978542
12250,-7.378172274
12266,-7.753566318
12276,-3.300271583
12283,-5.351061791
12284,-0.879596329
12293,-1.894096526
12310,-5.214755097
12315,-5.617062893
12340,-6.852174141
12341,-4.318092755
12355,-7.556691544
12359,-7.101525987
12366,-3.809676442
12369,-10.726817438
12370,-4.884476833
12375,-8.050215535
12377,-2.101760149
12388,-3.583721154
12407,-4.247114062
12411,-7.453589649
12416,-5.277271323
12417,-0.2434381
12425,-1.105312819
12431,-5.163945984
12436,-7.070436478
12443,-9.289017566
12458,-4.682421704
12468,-7.242162906
12474,-4.181403331
12490,-4.255907585
12491,-5.473308135
12495,-7.352823584
12503,-3.149440219
12506,0.145485518
12507,-1.899140462
12513,-3.225051221
12520,-8.122758427
12522,-3.897005306
12525,-4.249662988
12534,-7.152176746
12539,-3.299145951
12545,-5.736951855
12558,-5.668793718
12566,-2.843545374
12570,-4.594281194
12572,-2.466784243
12578,-2.949754897
12585,-1.925084659
12586,-3.142399938
12587,-3.34256493
12596,-2.687231975
12598,-4.473132122
12602,-7.057663946
12603,-4.486538796
12620,-6.119384059
12621,-6.368263287
12627,-5.797862755
12628,-7.885063489
12629,-8.042211697
12645,-7.950630945
12651,-1.88535559
12679,-7.329411457
12680,-5.560735665
12683,-7.080794708
12687,-7.330300327
12699,-6.129941734
12700,-2.29513559
12703,-0.936195784
12714,-6.292846374
12724,-3.421866408
12726,-4.927658714
12739,-5.386981532
12743,-6.879202942
12750,-5.802892344
12751,-5.273229029
12759,-8.705292417
12768,-5.738336747
12781,-6.748755519
12783,-6.162387406
12798,-2.960232448
12815,-6.16574937
12820,-8.687073072
12821,-2.55380831
12827,-5.288270846
12828,-1.787228185
12848,-3.15308612
12850,-1.875243824
12861,-3.644348873
12862,-7.155689854
12867,-2.891359532
12876,-3.59494753
12878,-6.11671565
12889,-11.728434597
12894,-7.682468312
12905,-7.375306335
12930,-4.285522127
12940,-7.232177058
12951,0.944228961
12953,-3.165699521
12961,-8.701224712
12967,-4.495992399
12982,-2.501012459
13001,-3.19719731
13003,-5.604750693
13005,-1.672380128
13017,-7.486040602
13023,-5.475983179
13030,-3.840694571
13032,-7.378303342
13037,0.081427591
13039,-6.589298733
13040,-7.835765579
13057,-7.518023394
13068,-3.750143981
13075,-7.27753474
13080,-1.085062585
13082,-3.310293037
13097,-5.845302523
13107,-5.168979559
13112,-7.113867845
13123,-5.012713433
13125,-6.068050946
13136,-4.491859389
13138,-3.955241551
13140,-4.447323673
13142,-5.18028849
13143,-6.347444502
13160,-5.635597982
13171,-5.178150128
13177,-6.551666039
13184,-4.496923605
13188,-5.712518972
13196,-4.247039143
13200,-4.970279885
13206,-3.402799758
13212,-9.396279853
13216,-5.714750805
13220,-8.297034029
13225,-8.009768323
13227,-3.189927782
13230,-7.343182159
13241,-3.086505539
13252,-10.057259051
13254,-7.283791548
13259,-6.23880073
13264,-1.836501036
13267,-8.611543807
13277,-3.104724336
13281,-6.782064355
13282,-7.623595106
13283,-7.654155215
13293,-1.34552027
13295,-9.485548969
13300,-3.488850851
13327,-5.264170358
13329,-11.875991807
13346,-4.579099429
13359,-4.947211894
13368,-3.143715887
13372,-7.15865687
13384,-1.316160104
13386,-2.562237987
13387,-4.975861267
13393,-6.310799105
13396,-4.121829212
13397,-6.405952974
13412,-7.461777354
13414,-6.668988295
13425,-4.251692494
13453,-5.460663404
13458,-0.216949145
13470,-8.998255542
13471,-4.196868814
13474,-6.241146348
13485,-4.703659869
13488,-7.041679817
13494,-1.559482264
13496,-3.574149427
13497,-4.594281194
13500,-6.573587265
13501,-4.120411807
13502,-7.784382183
13503,-4.390306297
13504,-1.333312972
13507,-4.101829172
13510,-4.485953641
13517,-7.78720647
13519,-4.982709665
13525,-7.311864594
13533,-5.92159612
13539,-1.836501036
13542,-9.193630147
13558,-3.107607478
13559,-4.695167587
13560,-3.973370518
13566,-1.238851134
13568,-5.482310478
13581,-8.610087564
13584,-4.53610002
13589,-5.428943638
13590,-9.708025619
13607,-7.115961328
13623,-4.422062696
13626,-6.25684216
13627,-2.613557832
13633,-2.917323803
13634,-6.107081575
13639,-3.880466723
13640,-4.363038618
13641,-4.509114339
13642,-8.260933678
13660,-7.554846857
13675,-6.755102428
13680,-5.494204618
13683,-3.798144172
13685,-2.508848968
13698,-0.11781363
13705,-4.274055048
13707,-2.937920605
13711,-6.370757222
13714,-1.871496506
13726,-3.145857541
13732,-6.689066191
13735,0.711507271
13741,-7.05044133
13744,-10.226714833
13746,-6.712280289
13765,-7.321283073
13776,-4.362151444
13787,-3.708434699
13791,-9.798959833
13793,-2.522362506
13796,-5.275399021
13802,-6.940575447
13814,-3.17018927
13818,-6.27489659
13819,-10.142915411
13821,-2.743401824
13830,-5.64341638
13835,-7.553639082
13847,-10.932608379
13849,-6.452900545
13856,-1.139528259
13860,-1.856574937
13862,-8.10333153
13880,-7.27551488
13882,-6.55170859
13888,-4.714982891
13896,-10.515331642
13897,-9.679474346
13902,-6.675929353
13903,2.601499354
13910,-6.813561222
13913,-6.157883407
13915,-4.384589715
13916,-5.040423943
13922,-4.291188169
13924,-1.990706694
13927,-3.052196987
13931,-7.822811244
13935,-6.589293476
13939,-9.254550582
13940,-4.427538987
13950,-6.124190082
13953,-5.355298389
13956,-7.90637937
13969,-7.046582685
13993,-6.426450088
14000,-11.04105044
14002,-5.753634642
14009,-3.798602001
14018,-6.101895578
14023,-4.40662202
14031,-2.914117916
14041,-6.672515163
14069,-6.353743679
14075,-0.224331489
14083,-5.605071146
14104,-8.419964642
14108,-3.164864077
14109,-2.401175775
14123,-5.154385496
14129,-4.244710557
14147,-7.369743837
14159,-1.771764455
14160,-4.408422464
14166,-7.411191207
14171,-4.539474351
14173,-4.605220183
14177,-2.772501496
14182,-8.636238706
14184,-4.40457992
14193,-5.783554314
14197,-7.840258348
14202,-7.41341743
14215,-6.812562498
14217,-2.390502774
14224,-6.386263345
14230,-5.763434817
14232,-5.928369894
14240,-8.109282889
14249,-7.302724324
14251,-4.797862723
14256,-7.07003164
14259,-5.614585942
14273,-9.071058886
14274,-3.10053211
14275,-1.858159827
14285,0.330126772
14287,-8.269804061
14293,0.240622797
14294,-3.510786202
14297,-6.662015948
14311,-6.95291588
14316,2.175559371
14329,-10.246568399
14334,-6.471703332
14346,-4.454116598
14347,-4.363763577
14348,-6.038647539
14360,-8.644832709
14362,-7.267336638
14368,-7.195057042
14373,-3.780118817
14377,-5.31066976
14385,-3.83355699
14389,-5.277487947
14390,-4.638137637
14391,-10.092588011
14398,-5.762152255
14399,-8.625989551
14412,-6.233988311
14416,-4.596132285
14422,-1.856791908
14424,-4.341152329
14428,-8.873898744
14431,-5.255081018
14433,-5.366763556
14452,-3.66634285
14458,-9.977697268
14463,-3.409151206
14469,2.058866724
14473,-8.01794628
14482,-4.106549212
14500,-1.813531081
14502,-5.766077837
14504,-3.518470373
14505,-4.478515894
14509,-3.240532294
14515,-6.020804415
14519,0.399151605
14522,-1.89944176
14524,-7.774592432
14526,-3.012234867
14527,0.944228961
14531,0.55268702
14533,-7.768009417
14544,-5.750993432
14551,-7.889279505
14555,-0.877466435
14566,-4.534172609
14567,-8.383214375
14568,-5.184205776
14570,-8.544832832
14575,-1.174711956
14577,-7.944720882
14578,-8.883747393
14582,-9.899784099
14589,-7.367479104
14593,-6.580207417
14600,-6.252964496
14601,-6.238749779
14603,-6.146637069
14609,-9.296703399
14611,-4.281922434
14613,-3.96468513
14621,-6.694400476
14628,-3.689193466
14629,-6.15038468
14630,-3.39348009
14634,-5.633902563
14663,-4.429968887
14665,-2.447974819
14667,-9.77645678
14670,-4.476496337
14675,-5.671200447
14676,-6.982049305
14681,-5.495894183
14684,-4.489193248
14701,-7.306983988
14703,-5.16216433
14707,-4.059056321
14708,-5.95439768
14711,-4.421563593
14712,-8.314377409
14725,-8.694658853
14727,-0.416752249
14740,-1.813821664
14741,-7.893058195
14747,-5.865935162
14749,-2.331492132
14758,-2.416656557
14764,-4.161229157
14769,-3.194802872
14772,-3.173461052
14784,-7.159404196
14787,-7.119811781
14790,-10.2183082
14793,-1.22396081
14805,-5.56165006
14814,-4.407019786
14819,-5.552694943
14822,-4.039090004
14830,-4.564235468
14831,-7.670203223
14838,-5.751988705
14840,-6.920697949
14847,-3.975183166
14849,-5.272674153
14858,-3.514158511
14859,-8.852056658
14866,-6.491795202
14868,-9.7501226
14872,-1.885339885
14875,-3.108376247
14878,-8.15259481
14882,-4.815680903
14901,-5.449438183
14903,-6.009596033
14911,-2.697017759
14912,-4.914606972
14924,-5.492522109
14925,-7.362960607
14928,-6.102738475
14931,-6.585257598
14942,-7.466492308
14952,-4.20915979
14959,-2.840904646
14963,-6.117731329
14969,-4.45530636
14971,-13.870231486
14979,-7.01926494
14980,-5.316914285
14983,0.026047157
14985,-3.00563738
14989,-1.678716352
14994,-11.838063929
15000,-4.31568919
15010,-5.751988705
15012,-5.180828187
15020,-8.203825046
15033,-4.932747399
15042,-2.942724431
15043,-8.302422918
15049,-7.192388593
15057,-8.03043989
15059,-6.419402089
15061,-11.185980105
15064,-1.972834933
15065,-7.893150975
15068,-8.63308455
15070,-5.793461013
15079,-9.246270693
15086,-3.219853777
15109,-7.938630064
15115,-7.271958271
15123,-5.245050163
15125,-4.244809491
15139,-8.93673665
15154,-8.736976488
15158,-8.915902529
15160,-4.565474432
15176,-6.896171576
15194,-5.731387729
15198,-6.222897389
15202,-0.33948244
15209,-3.967259605
15222,-7.986904757
15226,-7.16727779
15231,-7.165274806
15238,-5.675526957
15242,-4.063973096
15243,-4.498776746
15245,-0.85703548
15246,-4.494469433
15248,-10.519718032
15249,-5.251236258
15258,-2.280311578
15259,-0.445539485
15270,-5.707083238
15278,-4.102848108
15284,-3.086505539
15317,-6.90778408
15324,-6.266136411
15326,-7.485939548
15327,-5.807407283
15328,-4.114734237
15329,-6.298208032
15332,-3.840650858
15334,-4.174254313
15351,-6.355898017
15358,-5.280673583
15365,-3.204910023
15368,-5.003396699
15372,-5.292355759
15373,-7.710780327
15378,-4.598040783
15383,-8.140876527
15386,-5.043487399
15389,-8.059131313
15398,-7.670203223
15400,-7.770078849
15406,-6.281922457
15412,-11.916193306
15415,-5.152802571
15417,-2.923720182
15422,-6.520071537
15425,-7.34293501
15435,-4.498639409
15437,-12.608912279
15439,-7.634252448
15449,-6.751604216
15476,-3.616612709
15487,-4.247839937
15488,-7.941201386
15508,-5.297086286
15520,-4.091283275
15527,-9.672044567
15532,-7.321978588
15534,-8.185581861
15535,-1.983123914
15537,-0.501610198
15547,-6.025303639
15563,-5.738336747
15566,-5.352477118
15569,-3.092808593
15576,-5.377605784
15587,-4.974040273
15588,-0.859259267
15609,-5.874737507
15613,-5.840638162
15624,-3.593653964
15638,-5.339756641
15641,-5.327903274
15645,0.401565859
15650,-10.002904461
15652,-3.510311055
15666,-3.197433951
15668,-4.209193833
15670,-6.24546931
15674,-6.662485955
15680,-2.639888226
15685,-3.6697948
15697,-2.919205961
15701,-5.730645139
15705,-5.400283409
15716,3.511457038
15717,-4.095842719
15720,-8.918263208
15730,-13.035331553
15732,-4.411222626
15742,-6.324873578
15752,-4.593877616
15768,-5.731387729
15773,-4.188179678
15774,-5.236542356
15784,-12.615856939
15791,-10.110490318
15793,-6.585838493
15794,-9.957103031
15796,-6.016719964
15798,-3.888906216
15803,-7.06496219
15816,-5.999096814
15817,-4.814116344
15822,-4.887469231
15833,-5.097054039
15838,-7.781857897
15839,-7.404620443
15842,-3.095733311
15843,-4.433315062
15844,-6.007468789
15845,-8.352737753
15850,-0.870718669
15858,-7.536022787
15864,-9.201852422
15867,-2.11387811
15869,-7.168393078
15872,-5.443775444
15879,-7.262358757
15884,-6.739496702
15885,-2.952925849
15888,-8.901594248
15889,-6.428123739
15899,-5.307201445
15900,-4.446235051
15903,-7.009792201
15909,-3.399352286
15917,-6.703300421
15920,-6.116575163
15944,-3.978042141
15949,-6.958465862
15957,-6.216012814
15967,-5.317179395
16004,-5.049480325
16006,-5.349400275
16007,-6.230726164
16010,-5.414924825
16018,-7.467068965
16019,-0.816880546
16027,-6.157398091
16040,-8.059430833
16044,-8.723431049
16058,-5.709664155
16070,-2.763679663
16076,-7.1567586
16078,-5.017551324
16080,-6.494569229
16085,-8.163145225
16096,-5.03376831
16098,-6.460787296
16104,-0.126154462
16108,-4.504572982
16110,-5.234272191
16115,-8.061676502
16116,-3.170104064
16118,-5.547252112
16119,-8.572349824
16120,-6.410659045
16137,-4.69215327
16146,-4.875116807
16156,-7.618255917
16161,-7.623820818
16171,-5.406442574
16176,0.944228961
16178,-4.573553491
16180,-6.408233172
16191,-5.777176554
16204,-3.759337372
16206,-4.234115489
16212,-5.365264004
16223,-3.789440177
16228,-5.518745078
16231,-7.182250135
16238,-6.9667041
16243,-4.281922434
16245,-6.90121574
16247,-1.971117295
16253,-2.869768851
16255,-5.27768059
16256,-7.985951443
16259,-7.282424499
16265,-5.160782373
16270,-7.478016895
16277,-6.821361671
16278,-6.186106541
16284,-8.502745201
16294,-4.025598212
16299,-2.841282464
16306,-5.375777907
16312,-1.997919107
16321,-4.596290308
16323,-6.06077818
16324,-6.889463289
16325,-1.928604339
16326,-6.165744572
16333,-7.30794833
16335,-6.689924352
16338,-4.513946798
16340,-2.143646652
16347,-6.666784753
16349,-5.991843199
16364,-5.26625485
16369,-1.890803447
16377,-7.853765187
16386,-9.678555872
16391,-3.075114606
16393,2.658767112
16395,-6.827092955
16402,0.183180178
16435,-3.151391364
16443,-5.984782397
16449,-5.994193917
16450,-5.274835955
16460,-11.487959347
16464,-7.119352726
16484,-5.155913463
16487,-7.413774016
16501,-5.941634494
16504,1.229561757
16510,-8.827190084
16514,-1.63075065
16522,-1.88007212
16526,-5.06518305
16548,-9.804973517
16552,-2.287167445
16557,-5.544640403
16558,-6.7098663
16564,-8.315243629
16569,-5.490480893
16571,-5.755706312
16596,-5.76242855
16601,-7.926528422
16604,-9.00602893
16605,-1.926637396
16621,-1.819185641
16625,-1.867159308
16654,-6.212972752
16655,-1.933493773
16662,-4.509082633
16667,-3.62878068
16669,-7.326523171
16682,-5.312025373
16687,-9.082320029
16700,-8.733030561
16704,-6.185816609
16707,-6.022610702
16709,-9.491557699
16715,-6.166463356
16725,-4.754776433
16746,-6.925121399
16753,-5.81606973
16758,-4.271970558
16761,-2.127469373
16762,-0.683759661
16766,-2.688974321
16783,-6.600599877
16787,-2.860036875
16794,-3.429818413
16808,-7.03234543
16810,-4.28131571
16817,-12.470627967
16824,-7.967548371
16833,-5.493351499
16846,-6.700728061
16859,-4.277988239
16860,-4.339996961
16862,-4.920333956
16865,-1.914160792
16869,-6.1861827
16875,-5.295971237
16876,-1.403022175
16880,-5.984669537
16881,-3.94096429
16884,-3.167834772
16889,-5.148070956
16893,-1.880147854
16894,-6.128794128
16897,-5.841481975
16901,-7.362091044
16910,-5.343692492
16913,-6.143678495
16914,-7.504190573
16924,-5.929560299
16927,-4.12898461
16936,-5.280732983
16951,-5.511259931
16959,-5.991470065
16969,-6.164863353
16971,-3.00638349
16974,-6.491513989
16975,-0.162804467
16978,-10.635997776
16979,-4.254836839
16983,-4.403646093
16984,-7.524932009
16993,-1.579210711
17003,-5.469802946
17005,-4.792936518
17007,-6.091759341
17012,-2.815116981
17013,-6.671258008
17016,-5.750961109
17019,-6.270783585
17036,-4.477925161
17038,-6.495301362
17054,-7.583274943
17061,-4.465624424
17062,-6.270841229
17063,-7.210554084
17067,-5.162485238
17075,-6.73025101
17086,-1.395125627
17088,-2.838754726
17094,-7.630191032
17097,-1.88007212
17120,-3.864383853
17122,-3.189676684
17130,-7.49680501
17141,-7.182159963
17148,-5.010225004
17151,-5.914419537
17156,-6.710535089
17171,-5.31482769
17195,-9.401143169
17205,-7.733121543
17210,-2.919752987
17211,-2.844629092
17212,-6.13471822
17225,-5.158447677
17231,-2.653030071
17245,-1.113093234
17246,-3.18874423
17251,-1.793780203
17252,-1.179386028
17260,-6.771061237
17268,-7.120663591
17269,-5.180828187
17272,-4.436173184
17276,-7.515285473
17281,-4.406430043
17287,-6.902698201
17288,-2.952925849
17295,-7.645950286
17301,-10.949150425
17302,-4.331172936
17307,-7.402654207
17308,-7.076247754
17314,-9.594273138
17315,-4.964536861
17319,-8.874797344
17321,-6.961708382
17322,-7.156323265
17326,-4.121829212
17334,-10.497248853
17341,-6.262545476
17353,-8.027214404
17372,-6.368460446
17373,-8.003933208
17375,-6.154214021
17380,-4.152015042
17381,-7.48640334
17384,-0.114350844
17388,-6.434946347
17406,0.391316087
17410,-8.923757991
17448,-4.528874573
17457,-6.719419113
17459,-2.18263646
17463,-2.396968975
17464,-5.028462741
17472,-4.397629594
17477,-2.187973441
17479,-7.327353219
17484,-2.435621744
17491,-4.98731174
17493,-8.443434992
17494,-5.36999841
17498,-4.30263236
17506,-2.532292024
17510,-6.869367638
17517,-6.326805154
17522,-3.888060706
17537,-7.345862208
17541,-9.28090493
17543,-6.793242908
17544,-6.966664778
17545,-3.32367917
17547,-0.183748146
17549,-4.277522928
17551,-7.999217436
17553,-5.709508797
17559,-3.191034919
17571,-4.469642511
17572,0.495193364
17573,-7.156871765
17580,-7.875232753
17582,-6.574968184
17586,-0.632041928
17588,-9.837252648
17601,-8.115602946
17609,-1.11766796
17617,-1.05187284
17627,-2.961084114
17634,-7.776831963
17648,-7.447476305
17654,-5.710978597
17655,-6.110458325
17659,-4.048329853
17662,-5.503434286
17674,-7.856720355
17691,-5.191780266
17697,-5.412015835
17707,-5.663925177
17711,-8.431814013
17714,-5.904398839
17721,-6.479948459
17726,-10.718319328
17746,-4.052806481
17755,-7.11666372
17756,-6.929522612
17757,-3.127061379
17759,-5.69239723
17764,-1.809914541
17769,-7.260452517
17778,-7.360876015
17784,-3.015866093
17792,-8.632076284
17796,-5.7666588
17798,-6.022968483
17799,-5.600782235
17807,-4.411222626
17812,-4.432734908
17826,-4.270695908
17832,-3.157147396
17837,-5.385866721
17840,-5.642939944
17847,-2.412841448
17849,-7.803034431
17851,-10.333917484
17863,0.598684379
17875,-4.594136166
17877,-5.31066976
17885,-3.783399741
17886,-1.860230115
17893,-13.020509233
17894,-2.267046991
17900,-2.777337868
17908,-3.628412988
17909,-6.139082258
17923,-10.809429208
17924,-9.426616856
17925,-5.261879752
17940,0.694794004
17947,-8.649091644
17960,-5.353269675
17967,-9.161601138
17969,-7.042540266
17973,-3.32367917
17977,-5.707083238
17993,-9.993468376
17995,-6.080581304
17998,-5.284680724
17999,-6.611626111
18009,-7.098128087
18010,-8.266634421
18015,-2.922775474
18021,-5.309077154
18027,-3.14372241
18028,-6.094406644
18029,-5.277526038
18034,-7.583274943
18035,-5.838386084
18038,-5.796790534
18042,-5.977556592
18044,-4.904060484
18045,-6.918562234
18048,-5.575228651
18053,-5.530156245
18064,-5.397231681
18066,-4.001813722
18073,-1.871496506
18075,-2.705915765
18080,-5.198235017
18085,-6.959550912
18089,-7.692839947
18104,-3.927898671
18105,-7.154069526
18111,-5.710433674
18114,-4.472655559
18134,-8.942277486
18137,-7.187348774
18149,-3.458423513
18151,-5.066287207
18170,-1.882316751
18174,-7.140681107
18186,-6.013127947
18187,-3.970200684
18192,-8.329490198
18195,-5.834998369
18205,-5.582868797
18207,-7.51088058
18213,-7.839787978
18215,-6.982171554
18221,-10.238104445
18233,-4.964861104
18235,-1.718645857
18238,-7.30721411
18241,-5.028462741
18261,-8.089206208
18270,-9.313472562
18287,-12.681848508
18295,-7.470676281
18296,-5.763434817
18301,-1.827869086
18307,-0.343698027
18308,-6.013841869
18310,-1.780980116
18311,-7.144942399
18322,-5.7814722
18323,-5.115262475
18328,-6.786270954
18333,-5.965429284
18335,-5.197724804
18348,-5.755422324
18358,-4.339996961
18367,-3.710613932
18375,-4.252898304
18380,-4.498074514
18388,-9.595631221
18392,-8.814833239
18401,-0.484415859
18403,-4.271499294
18406,-3.152139248
18411,-6.042527741
18413,-7.324614147
18416,-9.697621409
18420,-5.324635733
18423,-4.853068812
18425,-5.811811766
18438,-7.456261055
18441,-2.581766409
18444,-9.549598053
18446,-7.761193616
18447,-5.340538506
18453,-7.938415754
18468,-5.186431701
18477,-7.914743757
18483,-1.916439627
18487,-2.744311548
18489,1.729321389
18508,-4.674112717
18512,-5.686247543
18517,-0.995613831
18526,-5.731387729
18527,-4.375944012
18537,-5.751477708
18547,-8.680319189
18548,-6.468161932
18558,-7.745166921
18562,-11.218186951
18568,-3.149042858
18585,-2.786318396
18590,-5.142529755
18596,-3.04345317
18598,-5.367159408
18607,-5.007774562
18621,-3.261741051
18628,-7.058382548
18635,-7.14972057
18637,-4.300569719
18641,-5.751988705
18643,-3.446001434
18669,-3.214397141
18675,-2.959937844
18678,-6.579911202
18679,-4.84249167
18685,-4.039107996
18698,-7.168834604
18708,-5.657087546
18716,-2.592298582
18718,-5.330679429
18719,-6.672398991
18723,-4.330468106
18727,-5.106315502
18738,-2.18263646
18749,-4.476234505
18751,-1.968100257
18752,-7.739941786
18759,-7.277059971
18771,-2.981694128
18786,-6.775503661
18787,-3.861370453
18790,-1.817189834
18808,-7.624192741
18812,-6.433684892
18817,-5.804719346
18823,-5.500132504
18833,-5.278771843
18843,-7.74967985
18855,-5.319581404
18868,-2.894134121
18869,-7.927779617
18876,-5.131315419
18882,-4.345546921
18887,-1.88412191
18890,-7.889693995
18894,-4.942406056
18895,-3.05713288
18897,-5.334780803
18898,-7.652655248
18911,-4.426463376
18921,-10.453841585
18928,-7.959024924
18929,-6.039894301
18932,-8.872330617
18937,-4.535865244
18940,-5.311203442
18948,-7.710652733
18968,-8.377506993
18977,-7.260072185
18996,-3.104724336
19000,-5.335550028
19002,-3.145463599
19006,-4.830282861
19014,-1.502000308
19024,-5.442410003
19025,-7.747710318
19027,-4.754672163
19033,-0.941711695
19056,-6.324988182
19060,-6.643121708
19062,-8.735290086
19068,-5.244550348
19069,-2.890561291
19071,-4.266459275
19072,-5.711310294
19082,-8.686428033
19087,-6.301399949
19090,-3.589949759
19103,-9.952800882
19105,-6.598212368
19108,-10.738668806
19111,-7.102689499
19112,-5.749285402
19122,-7.186484728
19133,-9.682561982
19138,-7.70252945
19153,-3.158246003
19158,-7.328988141
19160,-2.497304933
19181,-8.651344387
19189,-3.717563281
19190,-3.012234867
19191,2.920572628
19200,-7.818172676
19201,-5.738336747
19218,-6.474915735
19222,-6.102854054
19227,-5.237820286
19230,-5.738336747
19231,-3.092808593
19244,-2.919752987
19275,-4.787362394
19285,-4.671499949
19287,-7.273693015
19293,-1.803198613
19294,-2.944836036
19307,-4.704610515
19309,-8.518365805
19311,-8.521696863
19317,-6.4736171
19329,-0.633148185
19335,-7.587709831
19339,0.284396245
19340,-4.694172161
19348,-5.610935959
19353,-2.57963533
19357,-3.016325661
19373,-7.122528707
19377,-9.695565454
19381,-5.031852114
19393,-5.196895518
19396,-8.335899765
19406,-7.911177729
19414,-4.568037121
19419,-7.864721566
19423,-7.406596777
19426,-10.804443483
19428,-1.835344332
19432,-7.258828369
19434,-5.465408938
19435,-9.737348053
19439,-4.527510938
19444,-8.185581861
19451,-6.887970991
19473,-7.74348804
19486,-3.110849307
19490,-6.26999757
19496,-3.971478844
19498,-6.052487284
19500,-5.50857942
19502,-7.771742957
19503,-1.870946529
19505,-2.936996963
19507,-2.148351165
19512,-8.779662814
19519,-3.73050585
19520,-9.547988794
19522,-1.785228151
19526,-9.725007648
19531,-8.744721246
19548,-7.633836219
19555,-4.325901058
19560,-2.46205271
19561,-6.892657029
19575,-8.369472939
19576,-10.156377608
19590,-5.595132608
19601,-5.719006256
19602,-8.050215535
19613,-6.194617996
19631,-2.141766661
19636,-7.007961876
19642,-8.4590132
19644,-3.822411774
19667,-4.078774827
19671,-4.65146514
19682,-5.711310294
19687,-5.591893724
19705,-7.202122395
19714,-6.013629381
19715,-6.903036395
19720,-8.621960317
19721,-6.143985647
19724,-5.146934806
19729,0.578512959
19737,-4.739398393
19750,-6.764956249
19755,-4.863645239
19767,-8.687810953
19770,-8.54346051
19780,-1.114902154
19788,-5.285004521
19792,-6.917743156
19793,-5.303429581
19795,-4.648572246
19805,-8.726764057
19807,-6.251793293
19812,-5.639478515
19814,-8.18092672
19821,-2.281571734
19835,-1.838931121
19844,-8.297119572
19847,-4.199179146
19850,0.267121887
19851,-13.651121073
19855,-2.520699305
19872,-0.60741152
19873,-7.753340311
19874,-6.205219002
19876,-3.118546433
19879,-8.482097818
19885,-3.086597752
19886,-4.645923378
19892,-0.734692944
19894,-2.639846724
19900,-4.402846835
19909,-8.925926076
19915,-4.402145897
19918,-5.1920196
19922,-1.178856817
19939,-7.228941837
19954,-3.140014483
19965,-5.623532703
19980,-7.459632399
19984,-4.455951626
19987,-5.200170966
20001,-3.299713332
20006,-3.295486915
20009,-8.167223321
20011,-11.538611191
20024,-0.198088889
20029,-2.919752987
20031,-9.217767873
20066,-8.428625473
20072,-2.854630302
20084,-3.204907983
20090,-7.32100344
20097,-5.946275497
20100,-6.720846424
20111,-5.372980033
20114,-5.277487947
20118,-5.572040993
20126,-8.211414726
20130,-5.08573796
20131,-5.194825595
20137,-6.703131889
20140,-5.381603352
20145,-1.924005938
20148,-7.393340563
20152,-0.280878292
20153,-3.382369097
20159,-4.584939153
20176,-5.034179333
20181,-7.705087035
20186,-4.731883026
20193,-3.460961754
20198,1.748171035
20204,-6.372422313
20205,-5.16247351
20210,-6.141092636
20211,-6.313441243
20223,-6.235228785
20229,-5.307201445
20231,-3.586576103
20232,-6.442331578
20243,-8.678523812
20244,-4.58637462
20266,-8.395588551
20267,-2.802067873
20268,-7.965541472
20280,-5.338301684
20283,-8.724630569
20287,-4.845401666
20290,-5.93640778
20293,-1.92707539
20296,-8.737748234
20302,-9.419350902
20308,-5.001725716
20316,-3.395971287
20318,-8.724630569
20334,-5.316465064
20351,-4.621007664
20357,-5.758657816
20360,-5.665425149
20364,-2.917323803
20369,-2.917654929
20375,-7.369180691
20396,-1.368870715
20397,-3.948293366
20412,-1.92300834
20414,-6.563926082
20416,-3.493187979
20439,-5.841481084
20442,-6.373321161
20448,-7.683120403
20466,-5.240356053
20483,-7.228610515
20485,-5.333943684
20490,-1.850373827
20491,-5.845752376
20493,-8.611022242
20520,-7.839046718
20526,-4.349881606
20544,-7.607561157
20545,-4.561191305
20550,-5.643339284
20558,-8.130731393
20574,0.112589606
20581,-5.611439131
20584,-1.831761371
20597,-5.509198831
20600,-10.78626864
20601,-8.071270149
20602,-8.909737449
20603,-9.696453473
20609,-5.162394953
20619,-4.440729087
20621,-7.67046682
20628,-6.180268313
20632,-5.282470445
20635,-9.714521673
20640,-5.567515968
20650,-7.281307683
20652,-2.955565194
20656,-3.513611908
20663,-5.646937031
20666,-2.654632287
20681,-5.53138314
20682,-7.597579459
20684,-1.882965687
20688,-4.612688464
20696,-8.186316774
20697,-6.625637106
20707,-3.341704308
20712,-9.845738673
20715,-0.859135039
20735,-9.752211365
20749,-6.62171756
20752,-7.140453487
20757,-7.669816267
20763,-7.793273374
20786,-5.618775306
20790,-4.239634499
20791,-6.655547948
20804,-8.48702609
20806,-3.297750739
20818,-8.119689898
20821,-4.835919871
20828,-3.273903883
20831,-0.220089141
20835,-4.39360145
20838,-1.460804226
20839,-5.720985138
20840,-4.201419978
20841,-4.517355158
20842,-4.770175606
20880,-5.249680027
20881,-6.699601057
20889,-1.940045083
20910,0.210246687
20921,-5.998828581
20923,-7.30785591
20938,-4.485503873
20951,-11.1883253
20967,-1.929984607
20974,-10.744843691
20987,-10.88454247
20989,-5.687075272
20993,-6.93147925
21009,-7.774017599
21026,-6.501370245
21033,-6.898613334
21044,-7.077728051
21049,-7.124288893
21051,-2.218744288
21052,-5.210482999
21059,-5.246125125
21065,-8.791627351
21079,-6.975420312
21081,-7.121027861
21084,-4.019571101
21085,-0.837076235
21093,-8.298181216
21103,-4.441572503
21116,-4.165248498
21121,-5.383199391
21125,-4.221433531
21127,-8.337911936
21131,-2.894377458
21161,-1.857896272
21171,-3.201212376
21201,-8.924153388
21203,-6.178760995
21208,-8.447031204
21213,-8.462910544
21237,-1.981021149
21240,-4.806137293
21271,-7.317165428
21277,-4.782180279
21281,-6.6707802
21283,-9.409444644
21285,-4.229308481
21289,-5.243913759
21291,-13.771186334
21305,-5.380289402
21306,-0.42783846
21307,-5.656330281
21308,-5.042316987
21312,-11.470892624
21313,-4.898904287
21317,-7.10643971
21322,-4.808452433
21333,-7.27428494
21356,-8.988265712
21357,-4.269603753
21360,-3.849484721
21374,-5.140894801
21375,-4.043496851
21385,-3.694726572
21394,-7.121955047
21395,-9.205139195
21399,-4.6190934
21406,-8.389570897
21413,-6.182995418
21426,-5.179272249
21428,-3.124417166
21438,-5.435293657
21440,-7.4900827
21443,-8.549945399
21447,-5.626976647
21450,-2.926144776
21453,-4.326527086
21454,-4.38893122
21457,-0.562485527
21460,-7.283377099
21478,-8.907785547
21481,-6.129624914
21483,-2.462564349
21495,-6.934073341
21512,-4.444939988
21525,-8.006871732
21538,-6.27381653
21541,-4.007210876
21543,-6.417859381
21553,-3.714589724
21555,-5.972260296
21560,-5.109313432
21562,-4.446235051
21564,-9.338691466
21568,-4.818284883
21578,-7.021531118
21582,-7.662543363
21583,-5.915700102
21597,-10.120128874
21606,-4.498856697
21614,-8.603214938
21630,-6.788905191
21651,-4.696855849
21655,-4.974971004
21663,-2.944836036
21668,-8.927520055
21681,-8.649091644
21682,-5.24705948
21684,-7.623820818
21689,-5.67863612
21693,-7.024670524
21701,-5.229416156
21704,-2.14118453
21710,-8.253727651
21716,-1.668187159
21731,-4.411825834
21737,-8.067835086
21741,-7.623526301
21745,-7.837656577
21755,-4.040236621
21772,-1.601019522
21774,-5.722995959
21791,-9.730735846
21798,-5.983121355
21820,-10.662336612
21822,-2.062640489
21826,-4.272937427
21834,-5.433666111
21838,-3.180337047
21841,-2.960005907
21847,-5.254584744
21848,-4.185694139
21856,-5.839831885
21860,-6.85632157
21871,-2.923797235
21873,-3.602079199
21874,-4.450565086
21880,-2.622353318
21900,-7.795906684
21910,-7.239552147
21911,-6.090914683
21923,-5.294960833
21931,-4.60372428
21933,-4.835153867
21937,-0.416752249
21941,-5.352220375
21943,-4.102155919
21949,-5.241660067
21955,-1.310587464
21966,-6.830907883
21967,-1.862261445
21970,-5.936254574
21977,-7.866675771
21979,-7.31631009
21992,-5.641178643
22018,-5.811053509
22031,-7.207654884
22032,-5.830497642
22038,-9.163793769
22048,-9.585276712
22053,-4.633858704
22066,-5.708984832
22071,-7.49639163
22078,-3.705888866
22082,-8.98695575
22092,-3.448244837
22093,-5.270585006
22097,-6.905890673
22098,-9.411170749
22102,-3.930571191
22105,-7.897482564
22126,-7.741655992
22137,-10.514038784
22139,-7.443113852
22140,-4.821445811
22158,-1.963409606
22169,-7.368111688
22173,-10.738668806
22184,-4.443822163
22188,-6.252482861
22204,-1.933493773
22211,-7.148905344
22214,-2.391591526
22217,-6.233362863
22240,2.462927656
22241,0.146323186
22244,-7.375306335
22249,-5.190602428
22261,-7.01065292
22267,-5.227283791
22268,-2.804349234
22269,-7.741306742
22275,-5.357347032
22277,-2.087355477
22278,-4.630809936
22284,-2.894850344
22289,-5.239852141
22315,-8.055648742
22319,-7.680215073
22324,-3.095733311
22340,-5.35597846
22345,-4.098629884
22348,-4.984978441
22355,-9.14833603
22356,-2.105893884
22359,-1.828215822
22360,-9.061618437
22362,-4.319899217
22365,-4.518693329
22366,-1.783902045
22378,-1.25678112
22386,-6.351202767
22394,-6.279444534
22397,-6.869368723
22408,-2.244085076
22413,-7.595504637
22416,-8.038878786
22421,-5.253217013
22422,-5.03376831
22425,-2.998551046
22429,-5.269971921
22433,-5.202231527
22434,-4.03180245
22438,-8.645699859
22444,-10.402416579
22445,-6.447170835
22455,-7.036633039
22458,-4.39083585
22464,-4.49116671
22468,-8.157587066
22474,-5.186006217
22479,-2.058574339
22482,-8.063366536
22486,-6.812120435
22488,-6.937861676
22489,-3.596361292
22505,-7.585241401
22526,-4.995348993
22529,-5.882588439
22533,-2.04452709
22536,-1.887220385
22541,-2.506606673
22542,-8.061922308
22549,-2.225980786
22552,-1.922564957
22564,-4.540180258
22565,-8.694658853
22569,-8.706544405
22601,-5.735492009
22605,-4.869242
22608,-0.645730571
22626,-6.115347405
22640,-4.486778113
22642,-2.044029863
22644,-4.940248912
22647,-7.833886614
22650,-3.544164365
22651,-6.628575488
22655,-10.763403888
22662,-6.431630312
22666,-2.099112325
22669,-7.610042552
22672,-6.866023974
22675,-11.395256519
22679,-7.785626716
22686,1.838285179
22694,-8.578134922
22696,-3.564633445
22706,-2.891359532
22711,-7.273701008
22715,-8.829681873
22721,-8.549364182
22738,-8.22760486
22740,-3.204907983
22748,-5.133624513
22756,-7.979709
22762,-3.583721154
22768,-8.016687712
22769,-7.059821852
22770,-5.966988803
22772,-5.755636447
22786,-4.704123829
22793,-7.090953692
22801,-6.602428454
22802,-2.983741864
22806,-3.020836472
22808,-1.935991361
22810,-7.792982119
22817,-5.426563422
22818,-6.070285953
22824,-5.004739234
22827,-4.509651219
22837,-7.711272299
22848,-9.74614377
22853,-5.604817849
22856,-7.371108256
22866,-5.618276915
22867,-5.223826639
22869,-2.889971925
22871,-4.434341113
22874,-2.592026283
22876,-11.166603863
22882,-4.987171904
22889,-5.354527903
22901,-5.014141237
22912,-6.113999768
22913,-2.382306726
22916,-5.937204244
22919,-3.15514402
22926,-3.487037416
22942,-7.860332766
22953,-6.223073126
22956,-4.302209587
22971,-9.601214092
22974,-7.79181844
22979,-7.237072286
22982,-4.091473564
22985,-5.03377129
22992,-7.216771466
23010,-5.200957192
23015,-7.441248902
23018,-5.492545459
23026,-2.570615948
23030,-5.295626421
23034,-7.919905391
23049,-5.386981532
23055,0.253118303
23058,-7.057667299
23065,-5.085698172
23085,-0.52136222
23090,-4.572475976
23094,-7.369743837
23099,-10.232474512
23104,-3.152139248
23111,-8.304003336
23114,-4.506470749
23130,-4.655396565
23133,-6.434668227
23138,-1.855070336
23144,-5.006589436
23153,-6.236660892
23155,-5.163945984
23160,-7.927779617
23161,-5.837651256
23163,-10.277557833
23173,-6.219334381
23178,-3.635776321
23184,-4.465114587
23187,-5.747293348
23198,-6.604663926
23205,-5.348880956
23213,-5.23148536
23217,-5.372539009
23235,-3.084063533
23240,-10.508894189
23242,-8.750935144
23245,-5.057491313
23246,-9.521137865
23247,-6.841839624
23248,-7.914775671
23252,-6.972173561
23262,0.053815778
23265,-6.238417749
23266,-7.788809593
23272,-12.064749442
23288,-4.50286723
23295,-2.952925849
23314,-4.050703249
23316,-4.276600552
23331,-7.317165428
23338,-6.298140555
23352,-4.513774918
23366,-6.161836733
23379,-7.001843567
23390,-7.369743837
23394,-9.553308262
23400,-6.647388601
23405,-8.073750762
23418,-6.455024133
23419,-7.306123445
23422,-4.773560786
23425,-5.155137696
23428,-4.567748274
23434,-7.31625507
23457,-4.281922434
23471,-4.795429494
23478,-10.7462988
23483,-6.966284273
23484,-5.024060897
23493,-7.77202402
23508,-2.106991156
23511,-5.259701794
23518,-6.71350771
23521,-7.037075457
23526,-4.790481244
23528,-4.901289336
23534,-2.921952777
23553,-0.28518087
23557,-4.773017578
23559,-4.910062356
23576,-6.239942263
23583,-5.327230598
23584,-5.40401752
23593,-8.928554234
23603,-7.970035382
23613,-7.823456742
23622,-9.734996783
23627,-4.690724884
23632,-5.741129595
23640,-8.080301521
23643,-5.728618172
23646,-5.515062067
23650,-4.204796773
23653,-7.058859895
23663,-5.291386796
23673,-7.185246866
23675,-8.46732021
23686,-10.065617537
23688,-4.547640477
23699,-5.362997736
23702,-4.973367885
23706,-2.608476238
23714,-5.489342664
23724,-5.242954107
23734,-5.260936953
23737,-5.580633658
23738,-3.637965412
23741,-1.839984451
23775,-3.661122148
23779,-4.716579088
23789,-1.934746577
23796,-6.290292592
23800,-7.636506851
23806,-2.91239903
23817,-4.450515888
23819,-5.196199731
23828,-6.38398633
23838,-6.497033179
23840,-2.087160684
23845,-6.92637729
23862,-2.421137938
23863,-3.198853528
23864,-4.297061873
23869,-4.285110626
23873,-1.187677045
23881,-9.207034651
23887,-4.366432231
23888,-2.683532886
23896,-4.847938386
23899,-7.686768173
23901,-9.37450989
23920,-2.879972457
23922,-5.312920096
23961,-7.235012969
23968,-5.48513786
23983,-2.531322348
23988,-5.081366046
23990,-5.034697364
23992,-10.765134764
23995,-5.606160779
23996,-8.783675525
23999,-9.638511094
24006,-3.225051221
24007,-3.706187171
24018,-6.440240013
24029,-2.847032347
24033,-7.587709831
24035,-6.313853233
24038,-6.113573117
24046,-6.62435933
24073,-4.205900068
24075,-5.16216433
24077,-6.176405685
24081,-4.897075898
24088,-7.388840028
24089,-1.935991361
24105,-10.867322725
24106,-5.567526595
24108,-7.671007189
24109,-8.334618056
24113,-5.35377077
24132,-7.37675235
24144,-6.481407068
24155,-5.656127707
24160,-11.007254825
24161,-3.183582563
24171,-7.151799176
24173,-6.73200439
24175,-1.869695601
24179,-10.58996912
24188,-7.336419204
24190,-6.520139887
24191,-2.322715049
24217,-0.788152503
24218,-3.044851883
24221,-1.6119739
24233,-7.781852168
24241,-5.751988705
24242,-3.303171589
24244,-2.852787698
24245,-6.838105618
24248,-10.364422843
24254,-10.750178875
24259,-5.846166109
24274,-8.203189941
24282,-9.929683673
24284,-7.319869937
24285,-4.721174413
24287,-6.954758809
24289,-2.762371607
24291,-8.331919709
24292,-5.756457377
24299,-7.280799106
24304,-2.843423919
24311,-4.454063426
24318,-5.163063546
24319,-4.06377935
24320,-5.475804307
24331,-8.078997566
24336,-2.030749539
24341,-6.276193876
24358,-7.133580781
24369,-4.633913793
24371,-6.146673902
24372,-6.869368723
24383,-0.854425209
24387,-5.851605314
24389,-4.283270513
24397,-6.611091445
24406,-5.201831751
24407,-5.182827663
24415,-5.231696536
24423,-8.566020489
24425,-5.6637932
24427,-1.94658565
24440,-9.95566473
24443,-10.173149198
24445,-4.671076622
24454,-3.012822763
24471,-10.368700946
24474,-1.130224428
24477,-7.129613092
24480,-4.482747742
24491,-3.606828488
24493,-1.892291367
24495,-6.997192779
24502,-3.14878226
24507,-4.417250699
24508,-6.956880812
24513,-6.945719678
24532,-5.816874086
24534,-1.852248374
24538,-5.763434817
24540,-4.883843291
24544,-7.700569106
24546,-6.116636688
24555,-3.841137914
24567,-3.53160859
24568,-6.162878139
24578,-7.295553386
24579,-1.253049927
24581,-4.632276001
24582,-3.622285519
24583,-2.54357711
24586,-2.965594364
24589,-7.653764512
24590,-1.83258437
24591,-4.272329847
24597,-5.515492067
24601,-10.160855156
24608,-6.699601057
24614,-8.297289396
24618,-9.746058779
24622,-3.818279037
24637,-7.683120403
24642,-3.097735794
24653,-5.810692456
24667,-9.862625286
24671,-6.348454339
24679,-4.996329858
24683,-5.576839296
24687,-4.356816964
24690,-4.803571156
24693,-6.68918483
24696,-7.899217397
24699,-7.780189401
24705,-7.211693678
24710,-1.858159827
24728,-6.108842819
24729,-7.275786627
24736,-7.597579459
24745,-3.735292927
24761,-10.743799073
24770,-3.294414885
24776,-7.651564837
24779,-7.746997264
24780,-8.93673665
24782,-7.26117508
24788,0.224599675
24792,-4.181086462
24801,-4.009359993
24802,-1.22378236
24805,-5.840638162
24853,-1.703279757
24859,-4.316643847
24863,-3.374927913
24875,-4.368033757
24883,-5.164980301
24890,-7.685191868
24893,-9.723939356
24903,-3.814474233
24905,-6.683088401
24906,-6.834035055
24916,-8.146439496
24923,-9.962007314
24939,-7.42575434
24952,-7.027568964
24963,-10.318816007
24978,-0.506585841
24979,-5.186431701
24983,-7.249425833
24985,-4.683918003
24991,-5.011187121
25008,-1.395125627
25009,-5.028462741
25011,-11.029421118
25017,-1.860346116
25019,-5.551982001
25032,-3.700346565
25046,-10.360406181
25052,-4.970386775
25058,-7.93868552
25060,-3.795609958
25062,-5.394318821
25084,-5.838386084
25099,-7.252612999
25121,-4.877327274
25124,-9.781665543
25127,-1.901043593
25134,-2.926144776
25136,-2.37739625
25145,-9.785345609
25154,-5.195880624
25181,-2.929167263
25182,-2.986472485
25183,-3.497780412
25184,-5.758657816
25186,-10.055350058
25187,-4.36650196
25201,-10.929562955
25204,-0.550316517
25210,-3.841137914
25212,-8.615439644
25216,-0.198088889
25220,-6.191482158
25235,-5.762355155
25243,-2.476794121
25247,-8.607896415
25252,-5.327316416
25253,-2.90986072
25255,-4.617882497
25268,-5.186006217
25276,-5.470753258
25277,-0.193226758
25278,-5.176950481
25279,-5.7969528
25301,-8.290428289
25303,-4.294115273
25304,-10.689033085
25305,-0.728906312
25306,-5.731387729
25311,-5.941535498
25315,-3.236763259
25316,-5.146974073
25321,-4.557720779
25333,-2.969083846
25337,-5.061608932
25340,-1.894096526
25343,1.545132365
25363,-9.672804321
25367,-5.692422738
25368,-7.430261957
25377,-2.514289586
25389,-5.993193276
25394,-7.822811244
25399,-4.392014897
25403,-4.525055918
25407,-5.111605697
25412,-6.89186738
25422,-1.27310735
25429,-7.717823767
25430,-6.259402539
25439,-3.030515832
25442,-2.060528333
25447,-8.494694836
25449,-7.373240656
25457,-1.451963478
25466,-7.699575279
25481,-7.43062433
25492,-8.114518129
25493,-5.051256032
25497,-5.403438116
25501,-5.769912576
25506,-3.424890136
25512,-5.168601309
25520,-7.661760713
25521,-5.436899608
25537,-1.974845781
25554,-4.612265264
25570,-8.209628326
25577,-7.855945477
25588,-6.217188805
25589,-6.347566446
25590,-10.346384409
25598,-6.608491295
25605,-10.547268767
25608,-1.842540827
25610,-7.902670907
25615,-7.927779617
25617,-0.437309715
25634,-4.803380454
25635,-4.395804436
25638,-5.22026172
25650,-3.7139922
25651,-7.977974296
25654,-3.681925799
25662,-1.849969597
25667,-4.911038948
25678,-7.085315326
25680,-7.967247323
25682,-5.278102763
25687,-3.32953384
25688,-0.467607007
25698,-4.455136538
25718,-4.456384921
25721,-4.888432357
25740,-3.141950347
25741,-5.653975888
25742,-9.952386823
25761,-8.278445708
25766,-8.054663266
25789,-3.225051221
25791,-10.695961726
25799,-13.438467594
25813,-3.255019421
25816,-4.245935631
25821,-6.339662157
25825,-6.704867348
25830,-8.050215535
25842,-3.223631643
25845,-2.596935253
25851,-3.834187928
25859,-4.186072403
25864,-6.339459085
25865,-1.98329016
25867,-6.330566473
25874,-4.08100019
25878,-1.85375108
25879,-6.202255799
25889,-3.172851296
25891,-7.081397148
25904,-4.838744591
25910,-8.651344387
25914,-4.396762926
25920,-5.257141412
25928,-7.05148121
25942,-6.981263438
25948,-3.246873485
25958,-2.911574857
25967,-6.618832402
25968,-1.902204831
25982,-7.49639163
25993,-10.974263559
25996,-5.467311621
26000,-4.889757818
26010,-5.016343234
26021,-7.727505613
26025,-7.125532682
26044,-7.094943317
26048,-2.118948723
26062,-7.973852666
26074,-11.903968821
26076,-1.793722367
26078,-5.01986942
26081,-6.509057404
26085,-4.709227103
26091,-0.933753652
26094,-3.072746894
26098,-3.31050237
26100,-0.872266414
26103,-9.650070396
26106,-4.532533674
26126,-7.775117333
26132,-3.644636152
26138,-5.869236868
26143,-5.746808694
26144,-5.30521293
26148,-11.932976469
26155,-5.669826868
26161,-5.175902382
26163,-6.707506876
26172,-2.613557832
26179,-6.640889613
26188,-2.891359532
26195,-7.578098775
26206,-5.395531175
26210,-4.404089943
26224,-2.539450029
26226,-2.956377166
26231,-3.175274402
26233,-8.930148372
26245,-2.741161463
26257,-5.5619458
26263,-2.891359532
26268,-2.637027552
26276,-5.119840057
26278,-2.877287166
26279,-2.432429185
26289,-10.766585279
26291,-5.557723655
26294,-4.886633657
26298,-5.545985576
26303,-8.134139565
26307,-0.879596329
26309,-7.275589771
26320,-1.817189834
26328,-4.46861144
26330,-1.334712238
26335,-4.608862922
26339,-5.719984398
26340,-4.144774532
26343,-7.79608986
26344,-6.982314294
26349,-11.770746798
26351,-7.730701478
26358,-1.928912281
26360,-2.890561291
26367,-8.050215535
26369,-3.572701766
26378,-5.275262541
26379,-5.50211331
26380,-5.12691843
26383,-7.363251961
26392,-4.386722383
26396,-3.688211218
26399,-5.492201152
26400,-5.712173241
26404,-5.84390125
26434,-7.218872821
26449,-9.085346814
26450,-6.667297467
26451,-3.729778953
26460,-10.542834287
26471,-6.302420163
26482,-4.931925198
26486,-0.009946139
26488,-1.927906149
26491,-7.742909682
26492,-1.095245554
26493,-7.727794244
26494,-8.045264765
26500,-13.737588065
26506,-5.05549054
26508,-0.207140921
26516,-4.45530636
26518,-7.93263171
26520,-5.792914629
26522,-3.23504456
26523,-3.173461052
26529,-5.910896769
26552,-0.709774277
26553,-11.485212425
26560,-2.320411681
26577,-7.26878346
26578,-8.499842301
26593,-10.854736573
26598,0.649576752
26615,-2.132478398
26620,-4.077326707
26621,-6.34217337
26629,-4.542965446
26632,-5.761514975
26635,-7.489757507
26637,-4.884296357
26645,-2.996449275
26648,-4.435825293
26649,-0.890636523
26655,-7.743411962
26661,-4.525176129
26664,-4.345866104
26671,-7.752572174
26676,-2.762204139
26692,-3.071325787
26695,-5.673125816
26708,-5.469560227
26732,-7.785246569
26733,-9.440700302
26746,-4.739889249
26758,-5.396435179
26765,-5.031638912
26769,-3.888422486
26770,-6.263644281
26775,-4.220799913
26778,-6.331412304
26791,-9.474762896
26798,-5.696983833
26808,-6.080616017
26817,-3.614769741
26820,-11.276413269
26827,-10.193439018
26828,-4.413569752
26843,-1.834025075
26855,0.484822673
26868,-1.850373827
26869,-7.923499898
26870,-3.380764631
26888,-2.646242433
26891,0.535027929
26900,-5.275262541
26909,-6.651289718
26924,-7.529050637
26927,-8.554721169
26928,-6.571069816
26929,-4.220828042
26931,-6.983251587
26938,-5.799951605
26942,-7.836821586
26943,-5.174616415
26945,-3.086335042
26946,-4.739295815
26950,-4.535384131
26951,-5.027839951
26960,-10.282649509
26964,-7.123018597
26966,-2.857957317
26976,0.240268984
26978,-5.178150128
26979,-8.52952952
26981,-5.936023729
26982,-2.804349234
26985,-4.964536861
26988,-10.348302373
26994,-8.34198061
27003,-3.597124701
27008,-4.052806481
27013,-4.314976461
27021,-7.78293345
27023,-8.678319064
27028,-7.651564837
27032,2.64785134
27035,-6.430341143
27038,-4.578143954
27039,-7.36587243
27041,-4.83221578
27048,-8.032822243
27077,-7.511670217
27088,-9.877734537
27089,-3.302273447
27091,-4.454063426
27099,-6.583273446
27132,-6.525142876
27135,-4.2159835
27149,-6.184697584
27153,-5.212542839
27160,-4.923244521
27167,-7.360294042
27174,-2.647656708
27175,-6.422884371
27176,-1.867618195
27177,-1.870603706
27179,-7.470892713
27188,-5.755422324
27191,-0.585352651
27200,-5.657139499
27212,-3.107607478
27218,-5.652251836
27220,-5.311130164
27224,-7.218283104
27226,-6.128794128
27227,-6.174529674
27229,-5.469857269
27230,-4.183201451
27233,-4.288495285
27236,-2.401175775
27242,-5.302550081
27250,-8.768553063
27252,-5.260097472
27257,-8.183396453
27262,-8.420841465
27263,-7.246187064
27265,-4.17746355
27269,-6.989234132
27275,-3.340426958
27287,-5.340755171
27288,-3.105697326
27290,-4.244355701
27298,-3.252467844
27314,-4.388342853
27321,-9.537696352
27329,-6.06780896
27342,-3.835417981
27348,-8.833433451
27356,-7.448357301
27358,-3.382568936
27360,-10.119035588
27370,-10.29397468
27384,-6.303364233
27391,-4.094508907
27395,-6.157082766
27399,-5.911492062
27409,-7.892730228
27410,-2.497312058
27415,-8.192834904
27424,-6.840865864
27426,-5.300988976
27442,-4.952383067
27450,-2.971111779
27453,-6.038612942
27457,-7.712730735
27459,-7.782929014
27460,-6.845577244
27475,-5.323461707
27476,-4.866787459
27478,-5.568900765
27487,-7.61085396
27488,-6.232674067
27500,-0.162804467
27502,-3.129305668
27506,-7.586738822
27510,-5.297498405
27519,-5.947128001
27525,-6.707157674
27526,-4.152106214
27528,-5.243285064
27533,-1.939814152
27536,-10.408984479
27537,-5.614543236
27549,-4.994764253
27554,-2.383724987
27559,-4.441417591
27561,-7.665465001
27562,-6.234093207
27571,-2.152354372
27572,-5.351061791
27579,-4.398505595
27583,-4.730356231
27602,-5.238288096
27604,-5.371168675
27618,-1.939912805
27619,-5.84390125
27623,-10.006150644
27628,-1.34552027
27639,-1.07259316
27644,-9.741838163
27654,-2.977039483
27656,-6.255311694
27661,-7.561955409
27671,-7.034902141
27675,-1.932256848
27677,-9.680969351
27684,-7.703834631
27685,-5.751477708
27688,-4.385786864
27707,-2.836052487
27711,-4.814116344
27712,-1.922063566
27718,-10.627856236
27723,-6.704867348
27725,-5.841880026
27726,-0.09259611
27727,-4.715281563
27728,-6.706524167
27730,-3.157650245
27735,-5.759762116
27749,-8.064604157
27756,-9.328316624
27770,-8.88592413
27779,-7.80376616
27788,-3.143623674
27797,-7.164727722
27816,-1.518578473
27823,-6.149606495
27830,-6.326075746
27834,-5.121867712
27835,-6.615777383
27839,-3.107607478
27848,-6.139369985
27852,-4.842389405
27862,-6.277241808
27866,-8.376161143
27874,-7.409853443
27875,-1.794521037
27877,-1.90069202
27886,-7.329839495
27887,-4.922654688
27904,-9.788047842
27917,-5.658172576
27927,-3.391131164
27934,-7.315168713
27946,-7.697623692
27948,-7.839396645
27958,-5.16216433
27959,-0.813784335
27966,-5.753896984
27969,-5.677975561
27972,-3.964295685
27977,-6.700755886
27978,-5.485058656
27979,-5.168882715
27981,-3.143623674
27993,-5.82573197
27994,-7.561870465
27995,-8.625104117
28002,-5.299444788
28005,-3.392637822
28010,-4.930374527
28020,-10.747237658
28032,-8.050215535
28034,-5.991642452
28035,-6.078760208
28036,-3.137728443
28048,-7.999217436
28051,0.405058908
28056,-7.042871461
28073,-4.881866066
28083,-5.181724783
28101,-6.857988494
28102,-2.46717653
28108,-7.478547865
28109,-6.902467765
28116,-7.211072781
28121,-5.93233749
28124,-1.891887581
28125,-5.814692666
28126,-5.717111577
28140,-10.687227188
28141,-4.185508923
28148,-5.296420226
28150,-8.413140127
28151,-5.930350664
28156,-6.696706425
28157,-2.890561291
28160,-7.262004749
28192,-7.625911084
28194,-1.107797632
28195,-4.209376374
28199,-2.369173016
28201,-7.001267238
28208,-8.087301149
28209,-1.704944226
28239,-3.863252955
28249,-7.454727743
28250,-0.208177766
28262,-3.8077168
28263,-8.932886821
28265,-4.334516994
28270,-10.635423032
28279,-4.871953354
28286,-5.055872123
28295,-4.440406909
28296,-7.105221458
28303,-3.848600647
28304,-5.228935716
28310,-5.663363978
28316,-5.023610694
28327,-4.772447838
28332,-11.56563144
28333,-6.123353155
28338,-6.251364501
28340,-5.167807165
28341,-7.712056107
28349,-3.094630558
28350,-5.346272587
28351,-7.352823584
28356,-6.606730335
28360,-7.336419204
28366,-8.587184215
28373,-10.727848634
28374,-3.927247171
28379,-5.377047
28386,-4.4415449
28388,-2.411696755
28395,-4.553452103
28399,-5.335770772
28401,-6.108170126
28404,-3.801346982
28414,-5.564508792
28418,-4.504895832
28427,-5.443198665
28429,-5.381603352
28430,-5.286518626
28431,-5.167154253
28435,-7.970921193
28443,-5.301649487
28445,-5.255918495
28447,-5.586529096
28453,-3.658277636
28455,-1.928449181
28456,-7.252475764
28457,-9.18783949
28465,-7.506708507
28476,-6.966284273
28499,-1.101408658
28500,-4.301080688
28501,-5.330914242
28519,0.975570675
28528,-10.550739806
28530,-6.372392307
28532,-9.819328241
28539,-7.139672345
28547,-9.91243085
28556,-5.045185434
28561,-10.765134764
28563,-5.757915612
28567,-5.879618226
28574,-5.129729136
28578,-3.331573467
28583,-5.485697106
28586,-3.169763405
28593,-5.808953061
28594,-9.599538811
28599,-5.717111577
28605,-6.209667641
28606,-10.373909507
28617,-5.682233064
28620,-7.906576334
28621,-4.520310272
28629,-5.84390125
28634,-4.481714375
28637,-2.96891385
28646,-8.810779224
28648,-7.955492644
28655,-1.477087525
28666,-5.137190711
28675,-3.520368067
28684,-4.551682133
28688,-6.975042436
28691,-5.18447595
28692,-2.310183168
28695,-7.455486444
28701,-8.700312298
28704,-7.22758978
28711,-4.469009495
28719,-8.095995218
28729,-8.52952952
28731,-5.710684427
28736,-3.919467173
28742,-4.550083053
28755,-4.25341101
28778,-2.153420729
28779,-7.638534578
28783,-1.972614078
28784,-5.216938843
28807,-8.047583856
28824,-4.901741093
28825,-5.169325437
28841,-7.071616172
28842,-7.612141997
28858,-5.409219261
28860,-5.401077753
28863,-3.49422524
28867,-7.057667299
28872,-0.331303632
28880,-7.632606678
28883,-6.909182119
28910,-2.127294711
28914,-1.865457354
28917,-7.635899636
28923,-1.163932326
28935,-7.18508541
28939,-7.277790637
28943,-10.120409558
28944,-3.163481698
28951,-10.671774497
28958,-2.646751019
28959,-0.148790817
28960,-5.651263265
28963,-5.82408865
28980,-11.096629538
29008,-7.246963514
29016,-5.321969525
29020,-4.77626222
29041,-1.824803485
29044,-7.641175983
29052,-2.171779761
29053,0.693069926
29056,0.08382598
29062,-5.34648128
29069,-8.93673665
29073,-6.108567218
29076,0.238025266
29088,-6.68910106
29098,-4.007468142
29111,-4.753385854
29115,-7.057917435
29118,-7.518927797
29119,-5.117552571
29125,-3.665296131
29127,-6.641681889
29130,-4.230253943
29138,-8.456515328
29141,-8.724630569
29157,-1.908814038
29161,-3.017345876
29167,-6.611827339
29179,-6.347008435
29196,-8.648663477
29200,-6.571422045
29202,-1.894057796
29208,-7.84578587
29212,-1.203442833
29216,-4.539353661
29223,-6.332338397
29224,-5.555535789
29228,-12.837987672
29229,-4.46412866
29233,0.285223195
29235,-8.152900015
29239,-8.512815723
29261,-4.41430055
29264,-1.706202495
29265,-1.837081906
29286,-5.487011533
29300,-10.401131986
29301,-4.447323673
29310,-6.438809597
29316,-4.854228372
29331,-5.163493503
29334,-5.33872531
29341,-5.468988543
29350,-4.734036042
29355,-5.284402755
29360,-5.562829693
29386,-3.488703141
29387,-10.918387304
29400,-3.404491884
29414,-2.96030397
29420,-7.359385064
29422,-11.569252947
29423,-8.778085937
29428,-7.034896467
29430,-6.05702326
29431,-4.908677266
29445,-4.199253031
29456,-0.378696056
29460,-7.923006875
29474,-3.541866729
29478,-1.894042329
29488,-4.489846384
29489,-2.039241722
29494,-6.71798269
29502,-6.340406451
29505,-6.657942507
29509,-0.803904916
29533,-4.436407587
29534,-5.082966008
29536,-2.732088816
29566,-4.365831515
29571,-8.160586338
29579,-5.70135911
29585,-3.48904866
29598,-4.173247298
29602,-7.184594825
29605,-11.630461168
29608,-1.515279149
29609,-5.809496925
29611,0.059778424
29614,-3.562160909
29617,-7.278698386
29619,-4.076661387
29631,-6.611626111
29634,-4.460104913
29642,-9.284564929
29646,-11.034317481
29650,-2.832169368
29676,-5.789006674
29677,-6.175078963
29683,-3.907000766
29693,-6.349781397
29707,-7.713984591
29720,-6.58686729
29726,-2.622983766
29734,-3.188981865
29740,-1.116477429
29743,-4.151132483
29746,-5.79215841
29753,-6.920697949
29756,-8.199414557
29768,-5.331342863
29784,-7.012153239
29789,-7.173772477
29793,-6.538486313
29795,-6.324980084
29797,-7.475943123
29803,-10.57337296
29804,-1.142143566
29810,-5.326700984
29820,-1.933796454
29823,-5.405399517
29824,-7.779948005
29827,-8.610616464
29837,-2.944836036
29838,-1.816006516
29848,-5.285056504
29857,-3.94721025
29859,-5.252388637
29862,-4.355654035
29865,-7.635899636
29866,-8.146277852
29869,-6.98035453
29870,-4.265862581
29875,-7.831017214
29878,-5.275856998
29884,-6.1746803
29885,-3.865628874
29887,-1.585446877
29895,-4.031728257
29900,-3.550877933
29912,-1.859720933
29916,-2.105313472
29924,-2.949754897
29930,-6.940229762
29939,-4.331423926
29940,-6.441880354
29942,-3.092808593
29950,-4.399859487
29956,-4.602674717
29961,-7.184269466
29964,-11.170061819
29965,-4.426419611
29974,-1.895372095
29986,-4.196248527
29987,-4.304823697
29994,-9.380175103
30001,-4.514922272
30005,-7.190324752
30021,-5.160782373
30047,-7.402607491
30057,-1.882276162
30070,-8.103989058
30071,-4.354458448
30075,-6.360555215
30079,-6.758809494
30092,-3.53932921
30094,-7.112632287
30095,-5.296127616
30097,-6.958768596
30107,-5.751951626
30108,-4.405908592
30109,-8.767331486
30115,-3.143225959
30121,-3.091524953
30122,-7.364217318
30128,-11.456109113
30133,-5.022813984
30134,-4.564319819
30138,-4.589787576
30160,-4.452487262
30161,-9.649966307
30174,-11.051386446
30175,-8.615796885
30184,-7.567578484
30196,-4.528235471
30197,-4.291188169
30222,-5.321890722
30228,-4.275690608
30229,-11.134893172
30231,-5.004963036
30233,-4.978820216
30269,3.312413912
30270,-6.387365343
30274,-3.598989543
30280,-1.87142865
30281,0.595428855
30284,-1.822032305
30287,-7.836337255
30291,-4.10936907
30293,-6.828415849
30298,-5.192519108
30302,-5.302629152
30303,-9.307908617
30310,-8.84196315
30317,-5.353874729
30320,-3.091432741
30321,-3.320365143
30351,-7.27507237
30352,-4.17054975
30362,-5.485345245
30378,-5.723670871
30379,-6.159429623
30383,-5.653975888
30406,-7.138429956
30416,-3.26143709
30431,-1.954333413
30434,-5.025885376
30441,-9.192582565
30445,-9.110592609
30460,-8.205753048
30464,-6.130710921
30465,-2.85247692
30468,-2.66749875
30471,-3.197328531
30476,-3.975735063
30487,-7.152100152
30495,-3.260649621
30496,-5.302550081
30499,-8.542543198
30509,-4.457685429
30514,-6.103566596
30515,1.572075532
30518,-4.854232576
30519,-4.811882038
30523,-6.866798258
30527,-5.572040993
30531,-4.58475071
30541,-6.601541099
30554,-6.397905333
30557,-0.247621019
30570,-0.697359023
30572,-8.745817823
30592,-7.669919119
30593,-1.100100552
30595,0.530200975
30600,-6.708033362
30614,-6.013127947
30618,-2.779220549
30619,-0.061390846
30625,-2.94867916
30626,-6.821696133
30636,-7.601376148
30640,-3.081974897
30649,-4.79337962
30653,-1.880147854
30654,-0.193693425
30655,-1.438611866
30661,-4.617692664
30666,-2.354547449
30668,-3.619736019
30672,-3.227184715
30678,-10.270744581
30679,-7.836588759
30700,-7.974282717
30702,-9.480865415
30705,-3.330505306
30718,-6.611626111
30733,-4.723829189
30736,-3.180238311
30743,-4.679808103
30761,-5.010535861
30768,-10.107091054
30771,-2.607491358
30772,-2.926144776
30774,-7.933777455
30778,-11.004998962
30784,-7.839905062
30787,-4.497293155
30790,-1.836440353
30795,-9.009734051
30800,-8.141458989
30819,-7.722296889
30820,-9.301669022
30823,-8.317252508
30827,-7.755079322
30831,-10.336576324
30835,-3.713018237
30836,-3.143623674
30837,-6.100320866
30838,-9.474121782
30856,-5.370166576
30858,-7.693259431
30878,-8.100728231
30879,-2.913174429
30881,-4.782180279
30886,-7.903716982
30895,-4.586710145
30902,-5.968489414
30910,-5.293332737
30915,-6.559441092
30919,-3.314217522
30923,-5.099923725
30932,-5.975918152
30933,-5.30282124
30938,-7.201298313
30944,-4.766179464
30958,-6.18813216
30973,-5.370365038
30974,-2.263585044
30988,-7.103500424
30993,-3.180337047
30996,-4.554055861
31002,-5.656330281
31003,-5.942455369
31005,-5.194947441
31012,-7.360294042
31016,-11.039134894
31018,-7.279517035
31034,-5.289585045
31040,-5.069574194
31041,-4.967907073
31062,-7.364890555
31065,-10.348081454
31070,-1.976250329
31086,-6.664857235
31088,-1.914590568
31109,-3.159581328
31112,-7.914303756
31121,-7.216855426
31122,-8.729769759
31124,-7.026143837
31135,-3.167550885
31137,-2.257267
31145,-8.040621153
31160,-5.741529527
31169,-6.272125043
31176,-2.718760368
31178,-3.208624466
31183,-5.382421575
31184,-7.303707219
31189,-1.983872127
31190,-8.621188573
31193,-8.201515134
31198,-8.563056871
31199,-6.635602285
31212,-5.393061596
31238,-6.110664941
31246,-4.448288015
31250,-7.897482564
31252,0.519306194
31259,-4.314035951
31280,-5.791334339
31289,-1.557675308
31304,-3.448099433
31306,-5.310698524
31314,-9.137602521
31317,-3.34820482
31318,-1.854220213
31321,-7.528183903
31337,-10.057530362
31338,-2.950634683
31347,-4.666444471
31378,-3.07477321
31381,-8.655255387
31387,-5.579174416
31397,-5.211511433
31399,-5.432889414
31403,-7.66615743
31406,-6.400936424
31414,-4.350598928
31422,-4.409434439
31432,-10.392896575
31435,-6.196682223
31439,-2.42213876
31442,-6.408233172
31455,-4.402986445
31459,-8.003933208
31464,-3.201212376
31469,-5.578157893
31472,-10.759779361
31482,-7.796478437
31483,-8.192381335
31489,-7.181935321
31495,-7.135526429
31501,-4.647180092
31503,-8.067168901
31510,-10.925546677
31515,-8.158179733
31529,-5.102229824
31539,-4.151484916
31544,-3.1482534
31546,-7.888133698
31558,-5.791334339
31566,-10.105396496
31569,-2.696400342
31570,-6.809119004
31585,-1.666202203
31590,-7.572730574
31591,-5.71021117
31605,-10.956271137
31609,-9.34727391
31610,-7.664343772
